,Country Name,Year,Adjusted savings: net national savings (current US$),Exports of goods and services (% of GDP),Final consumption expenditure (% of GDP),"Foreign direct investment, net outflows (% of GDP)",GDP growth (annual %),"GNI per capita, PPP (current international $)","Government expenditure on education, total (% of government expenditure)",Gross domestic savings (% of GDP),Imports of goods and services (% of GDP),Land area (sq. km),"Life expectancy at birth, total (years)","Population, total",Poverty headcount ratio at $2.15 a day (2017 PPP) (% of population),Tax revenue (% of GDP),"Unemployment, total (% of total labor force) (modeled ILO estimate)"
15,Albania,2012,646116484.6,28.93748776,88.81169648,0.675158798,1.4172428,10450.0,11.62699509,11.18830352,47.57271286,27400.0,78.064,2900401.0,0.6,17.48323356,13.38
17,Albania,2014,189456900.4,28.21300146,92.23922297,0.571867614,1.774448853,11360.0,10.98846054,7.760777034,47.19484414,27400.0,78.407,2889104.0,1.0,18.30193614,18.05
18,Albania,2015,-17209217.41,27.26739115,91.80539522,0.696509873,2.218726375,11800.0,10.44102383,8.194604781,44.53361519,27400.0,78.644,2880703.0,0.1,18.51578986,17.19
19,Albania,2016,28424331.2,28.97789918,92.2303768,0.059342794,3.314980684,12270.0,10.82978725,7.7696232,45.83196365,27400.0,78.86,2876101.0,0.1,17.59022981,15.42
70,Argentina,2007,38630968400.0,22.66275031,75.5205568,0.523155949,9.007650875,16080.0,15.10157013,24.4794432,18.28242031,2736690.0,75.006,39876111.0,1.8,12.44826845,8.47
71,Argentina,2008,43213626289.0,22.06090038,76.70809674,0.384705758,4.057233103,16910.0,15.74783993,23.29190326,18.341773,2736690.0,75.641,40273769.0,1.6,13.31784636,7.84
72,Argentina,2009,24572822580.0,19.56098506,78.88204443,0.213692689,-5.918525076,15750.0,16.02066994,21.11795557,14.49614185,2736690.0,75.936,40684338.0,1.6,12.38304156,8.65
73,Argentina,2010,28415462781.0,18.93382341,79.39783265,0.227738015,10.12539816,17450.0,15.04796982,20.60216735,16.03718986,2736690.0,75.721,40788453.0,0.7,12.85304269,7.71
74,Argentina,2011,35480122849.0,18.44920915,79.9092778,0.280670981,6.003951693,18770.0,15.1585598,20.0907222,16.75694585,2736690.0,76.124,41261490.0,0.7,12.6636277,7.18
75,Argentina,2012,25288520889.0,16.23785946,81.54883692,0.19320213,-1.026420454,19180.0,14.51826,18.45116308,14.28868291,2736690.0,76.467,41733271.0,0.6,12.95284151,7.22
76,Argentina,2013,17793993055.0,14.61717339,82.79380332,0.161219625,2.405323781,19700.0,14.45792961,17.20619668,14.71675561,2736690.0,76.491,42202935.0,0.7,12.45290276,7.1
77,Argentina,2014,18405066827.0,14.40547859,82.33295546,0.364900179,-2.512615321,19280.0,13.79932976,17.66704454,14.00131506,2736690.0,76.755,42669500.0,0.6,12.61096661,7.27
79,Argentina,2016,13531333616.0,12.52709517,83.37646965,0.320435402,-2.080327844,19860.0,13.35554028,16.62353035,13.56679268,2736690.0,76.308,43590368.0,0.7,12.09728364,8.085
86,Armenia,2013,232803590.2,28.35348514,98.72357072,0.272112277,3.3,10430.0,8.749751091,1.276429283,49.20156302,28470.0,73.676,2901385.0,1.7,21.58621388,11.682
101,Australia,2008,58789457876.0,20.14887732,73.9458762,3.019344591,3.58622798,36000.0,15.04297924,26.0541238,22.69789909,7682300.0,81.39512195,21249199.0,0.4,24.20769581,4.24
103,Australia,2010,67040544323.0,19.79536654,74.13991771,1.572698639,2.226538078,37840.0,17.07881927,25.86008229,20.71526648,7682300.0,81.69512195,22031750.0,0.3,20.4770692,5.21
107,Australia,2014,87921233026.0,21.08233132,73.56133513,1.536559616,2.607401032,45690.0,14.99418068,26.43866487,21.36069688,7682300.0,82.3,23475686.0,0.5,21.89292334,6.08
109,Australia,2016,36934175523.0,19.26222591,76.87511755,-0.257427389,2.779142625,46170.0,14.84867477,23.12488245,21.53241596,7692020.0,82.44878049,24190907.0,0.5,22.26179913,5.71
110,Austria,2007,46295308905.0,52.56086942,70.76053118,20.30905362,3.727415301,39400.0,9.526359558,29.23946882,48.17238464,82520.0,80.1804878,8295487.0,0.4,25.39199432,4.91
111,Austria,2008,52224084124.0,53.24886062,71.09740674,6.4582569,1.460423676,41660.0,9.722205162,28.90259326,48.82482212,82520.0,80.43170732,8321496.0,0.5,26.07751972,4.2
112,Austria,2009,29495007800.0,45.20741656,74.16577855,3.872516754,-3.764578178,40900.0,9.458568573,25.83422145,41.85481441,82520.0,80.33170732,8343323.0,0.7,25.22516524,5.37
113,Austria,2010,32638475911.0,51.26216033,73.99446307,-3.652443041,1.837093677,42350.0,9.693655014,26.00553693,47.75763591,82520.0,80.5804878,8363404.0,0.5,25.28163551,4.88
114,Austria,2011,37880833461.0,53.94867085,73.27630732,8.836365763,2.922797284,44600.0,9.803499222,26.72369268,51.15411778,82520.0,80.98292683,8391643.0,0.4,25.42798528,4.64
115,Austria,2012,33436234506.0,53.9736762,73.32050559,4.505182228,0.680445577,46500.0,9.770256996,26.67949441,51.17850123,82520.0,80.93658537,8429991.0,0.6,25.92819764,4.91
116,Austria,2013,32481248145.0,53.4412933,73.57880672,2.56421002,0.025504712,48050.0,9.733651161,26.42119328,50.62512079,82520.0,81.13658537,8479823.0,0.3,26.41517309,5.37
117,Austria,2014,35370901547.0,53.38657905,73.19929663,-0.197784974,0.661272849,48860.0,9.422001839,26.80070337,50.1169562,82520.0,81.4902439,8546356.0,0.2,26.41789831,5.67
118,Austria,2015,29636825090.0,53.08906056,72.44452256,-0.560119576,1.014501586,49370.0,9.650598526,27.55547744,49.33825483,82520.0,81.1902439,8642699.0,0.7,26.82616742,5.8
119,Austria,2016,36778192880.0,52.40639365,71.91295663,-6.799712539,1.989437162,52680.0,9.778713226,28.08704337,48.57568463,82520.0,81.64146341,8736668.0,0.7,25.41916923,6.06
159,Bangladesh,2016,77161387381.0,13.92120448,72.72974053,0.015275605,7.113478213,4770.0,13.98173618,27.27025947,17.41294565,130170.0,71.09,159784568.0,13.5,7.316911848,4.35
170,Belarus,2007,6971314698.0,60.94305272,70.33426542,0.033572084,8.600006599,12220.0,13.0917244,29.66573458,67.21082526,202901.0,70.20731707,9560953.0,0.2,23.72669873,7.404
171,Belarus,2008,10133812849.0,60.93775522,68.48220367,0.050368624,10.19999947,13720.0,12.12493229,31.51779633,68.66172333,202902.0,70.45609756,9527985.0,0.2,25.35338921,6.732
172,Belarus,2009,6362760328.0,48.87646182,72.30949397,0.201088325,0.199995249,13740.0,12.1798172,27.69050603,59.759183,202898.0,70.40731707,9504583.0,0.1,18.62947063,6.1
173,Belarus,2010,7236201611.0,51.37288535,71.66645744,0.088412225,7.798266835,15050.0,13.43798161,28.33354256,64.54508764,202902.0,70.40487805,9483836.0,0.0,16.32143837,6.054
174,Belarus,2011,11360635355.0,78.46536152,62.15388371,0.20319812,5.378707504,16380.0,14.53167248,37.84611629,79.50889355,202910.0,70.55365854,9461643.0,0.0,14.50907256,6.022
175,Belarus,2012,11023464304.0,78.77690728,61.61831807,0.236732727,1.687135534,17700.0,13.08640671,38.38168193,74.30836203,202899.0,71.96585366,9446836.0,0.0,14.66297503,5.968
176,Belarus,2013,10382907151.0,58.33357811,64.68616951,0.347158049,1.003470772,18330.0,12.77383041,35.31383049,61.48238713,202908.0,72.47073171,9443211.0,0.0,13.35496285,5.944
177,Belarus,2014,10294761083.0,54.94111369,66.58186376,0.093132074,1.726209989,18440.0,13.52054405,33.41813624,55.71054493,202973.0,72.97073171,9448515.0,0.0,12.69776707,5.908
178,Belarus,2015,8097408009.0,58.01023245,67.79891002,0.188823327,-3.829663071,17330.0,13.05056095,32.20108998,57.90345901,202978.0,73.62439024,9461076.0,0.0,14.17306451,5.878
179,Belarus,2016,5673050982.0,62.50934712,70.16292957,0.257524874,-2.525831409,16950.0,13.57799625,29.83707043,62.69997578,202988.0,73.82682927,9469379.0,0.0,13.78823561,5.84
180,Belgium,2007,51005071519.0,78.3018047,71.26156332,17.72225605,3.676881136,37310.0,11.36902332,28.73843668,74.16664217,30280.0,79.78292683,10625700.0,0.2,24.78853753,7.46
181,Belgium,2008,44854482760.0,80.88061998,73.39043751,43.15557073,0.446928735,38800.0,11.27712917,26.60956249,80.20782782,30280.0,79.6804878,10709973.0,0.1,25.25416988,6.98
182,Belgium,2009,26693595636.0,68.83400371,75.56474852,6.8989487,-2.020743062,38450.0,11.13274479,24.43525148,66.57203682,30280.0,80.03414634,10796493.0,0.1,23.78146279,7.91
183,Belgium,2010,29231001992.0,75.85006448,75.17076743,13.88117753,2.864292708,40440.0,11.21544456,24.82923257,74.1476086,30280.0,80.18292683,10895586.0,0.1,24.46824242,8.29
184,Belgium,2011,21496740810.0,80.69736291,75.59205868,24.67006825,1.694513899,41010.0,11.22957039,24.40794132,80.79636075,30280.0,80.58536585,11038264.0,0.2,24.93665681,7.14
185,Belgium,2012,25644305534.0,80.40449051,76.24712339,8.363271087,0.739217283,43270.0,11.06992149,23.75287661,80.34153972,30280.0,80.38536585,11106932.0,0.2,25.82414125,7.54
186,Belgium,2013,24650772055.0,79.3243484,76.77395133,-2.370517292,0.459242193,44750.0,11.35172081,23.22604867,78.52649664,30280.0,80.58780488,11159407.0,0.1,26.19084708,8.43
187,Belgium,2014,28322996601.0,79.80100907,76.04501005,-0.07811693,1.578533143,45870.0,11.34249592,23.95498995,78.98220685,30280.0,81.28780488,11209057.0,0.1,26.13452545,8.52
188,Belgium,2015,27919130279.0,77.80528215,74.95403183,1.585456967,2.041459009,46850.0,11.73614788,25.04596817,76.38726436,30280.0,80.99268293,11274196.0,0.1,24.35453781,8.48
189,Belgium,2016,28866399621.0,79.42961547,74.55358274,7.258528987,1.266686409,49060.0,11.69543076,25.44641726,78.23541051,30280.0,81.43902439,11331422.0,0.1,22.84232918,7.83
230,Bolivia,2007,2575354289.0,41.79565675,77.28394309,0.022865665,4.564384269,4340.0,20.58189964,22.71605691,34.26625469,1083300.0,65.027,9711152.0,9.5,16.96486574,2.612
252,Botswana,2009,666544852.5,35.83366186,80.11869739,0.077291549,-14.14423462,11020.0,20.47739983,19.88130261,52.64712677,566730.0,58.279,2048997.0,17.7,27.68681402,16.17
258,Botswana,2015,1737340293.0,53.09089734,77.63715617,1.354288049,-4.85133564,12970.0,21.65815926,22.36284383,59.80999367,566730.0,63.818,2305171.0,15.4,26.31109885,18.878
264,Brazil,2011,-3243015213.0,11.58251268,78.9431087,0.614149754,3.974423079,14600.0,14.85282993,21.0568913,12.3518925,8358140.0,73.343,198185302.0,5.3,14.85129878,7.58
265,Brazil,2012,-79685058125.0,11.87753907,79.94197009,0.084505969,1.921175986,14620.0,15.18190956,20.05802991,13.23673455,8358140.0,73.552,199977707.0,4.5,14.33241109,7.25
266,Brazil,2013,-69072998482.0,11.74223064,80.60772908,0.63261809,3.004822669,15320.0,15.13333035,19.39227092,14.04372668,8358140.0,73.918,201721767.0,3.7,14.12530574,7.07
267,Brazil,2014,-122491000000.0,11.01194282,82.11310941,0.839026343,0.50395574,15370.0,14.99427032,17.88689059,13.673463,8358140.0,74.306,203459650.0,3.3,13.49007452,6.76
268,Brazil,2015,-142258000000.0,12.90019142,83.74161723,0.173896122,-3.545763393,14420.0,14.47299004,16.25838277,14.05343452,8358140.0,74.332,205188205.0,3.9,13.62962937,8.54
269,Brazil,2016,-164337000000.0,12.46667904,84.63077703,0.818262251,-3.275916908,13910.0,14.24402046,15.36922297,12.06700304,8358140.0,74.442,206859578.0,4.7,13.71043098,11.58
290,Bulgaria,2007,-1762883833.0,52.35503435,85.21625531,2.187996054,6.654387625,11880.0,9.527602196,14.78374469,71.17752332,108610.0,72.66341463,7545338.0,1.8,21.7606133,6.88
291,Bulgaria,2008,1347566968.0,52.47765905,82.80889045,2.051141685,6.129558762,13650.0,10.65262699,17.19110955,72.21108847,108610.0,72.96341463,7492561.0,1.3,21.97387982,5.61
292,Bulgaria,2009,2848381430.0,42.21885009,79.71672472,0.694387783,-3.347142263,13730.0,10.36380005,20.28327528,50.47379552,108560.0,73.41219512,7444443.0,1.3,18.58649864,6.82
293,Bulgaria,2010,3007497632.0,50.09804494,80.66646388,1.160833752,1.555359513,14640.0,9.889651299,19.33353612,53.28247738,108560.0,73.51219512,7395599.0,2.0,17.87143156,10.28
294,Bulgaria,2011,4663644119.0,58.78820752,78.48350589,0.85278011,2.090175696,15250.0,9.986122131,21.51649411,58.62989637,108560.0,74.16341463,7348328.0,2.5,17.88271515,11.26
295,Bulgaria,2012,4524857500.0,60.34627469,81.39168834,0.755192639,0.748814803,16110.0,9.660421371,18.60831166,63.62504802,108560.0,74.31463415,7305888.0,2.3,18.38533526,12.27
296,Bulgaria,2013,5688122400.0,64.56497865,79.55271478,0.629412053,-0.542751313,16280.0,9.759604454,20.44728522,65.12370434,108560.0,74.86097561,7265115.0,1.8,19.68628224,12.94
297,Bulgaria,2014,4923218353.0,64.59442237,79.57131276,1.543726777,0.949448521,17470.0,9.427565575,20.42868724,65.67356907,108560.0,74.46585366,7223938.0,1.7,19.56662077,11.42
298,Bulgaria,2015,3957824203.0,63.80715712,78.12128083,0.242501792,3.397553876,17820.0,9.69010067,21.87871917,62.92836755,108560.0,74.61463415,7177991.0,3.4,20.07780364,9.14
299,Bulgaria,2016,5142851814.0,63.8820004,76.12744633,1.532533021,3.026628392,19450.0,9.763916016,23.87255367,58.97187922,108560.0,74.81219512,7127822.0,2.0,20.33302996,7.57
307,Burkina Faso,2014,747826871.3,26.93200415,85.69730499,0.498789566,4.326845615,1570.0,19.36811066,14.30269501,31.89155834,273600.0,58.359,18169842.0,39.6,13.66382751,4.28
320,Cabo Verde,2007,401615770.1,33.7458981,79.4429271,0.021279904,15.17068797,5370.0,18.32875061,20.5570729,60.46030945,4030.0,72.835,504733.0,10.6,19.17576553,13.24
328,Cabo Verde,2015,282147352.6,41.13545234,82.63059191,-0.909655762,0.936026508,6030.0,16.74822998,17.36940809,52.87307781,4030.0,74.62,552166.0,4.6,17.13559678,11.954
347,Cameroon,2014,1423047033.0,23.60997553,83.8846039,-0.032394301,5.719818145,3340.0,12.87975979,16.1153961,27.22241378,472710.0,58.935,22299585.0,25.7,12.28534381,3.53
351,Canada,2008,136031000000.0,34.39500555,74.18076812,5.710829205,0.99540631,39780.0,12.49846649,25.81923188,32.62860281,8965590.0,80.72463415,33247118.0,0.2,12.3901656,6.28
352,Canada,2009,19877760883.0,28.51583432,79.53751398,2.745409301,-2.915086239,38200.0,12.5725317,20.46248602,29.95855751,8965590.0,81.06609756,33628895.0,0.2,12.30438595,8.46
353,Canada,2010,51119607101.0,29.16738193,78.47382365,2.246981822,3.090806374,39310.0,12.62090015,21.52617635,31.04073957,8965590.0,81.32219512,34004889.0,0.2,11.7328093,8.18
354,Canada,2011,90935071030.0,30.67839192,77.04861665,2.793396523,3.13719439,40880.0,12.71314907,22.95138335,31.82034685,8965590.0,81.48268293,34339328.0,0.2,11.80392128,7.64
355,Canada,2012,88161211840.0,30.35302552,77.07816036,3.404593801,1.755661325,41540.0,12.85791397,22.92183964,32.24252342,8965590.0,81.66365854,34714222.0,0.2,11.66442736,7.39
356,Canada,2013,98878141591.0,30.33193867,76.66519998,2.949458833,2.325813574,43620.0,13.00229359,23.33480002,31.89913623,8965590.0,81.74487805,35082954.0,0.5,11.6235046,7.14
357,Canada,2014,107384000000.0,31.73657587,76.06287442,3.598493803,2.873466772,45010.0,12.98900795,23.93712558,32.64208628,8965590.0,81.78439024,35437435.0,0.2,11.80837908,7.02
358,Canada,2015,36905043836.0,31.84996096,78.68679419,5.391157447,0.649970994,43990.0,12.74459839,21.31320581,34.3149411,8965590.0,81.81560976,35702908.0,0.2,12.38981091,6.95
359,Canada,2016,26199990155.0,31.50257241,79.53235025,4.42448955,1.038550935,45900.0,12.66294193,20.46764975,33.86111211,8965590.0,81.92487805,36109487.0,0.2,12.49656263,7.04
402,Chile,2009,19982919664.0,37.1156348,69.53475345,3.379779579,-1.118037233,15010.0,17.0356102,30.46524655,29.57039617,743532.0,78.741,16833447.0,1.7,14.60586057,11.31
404,Chile,2011,22927550268.0,37.68978028,70.45578555,6.719485733,6.223896787,18560.0,17.74757004,29.54421445,34.79186253,743532.0,79.11,17173573.0,0.9,18.936096,7.32
406,Chile,2013,27198211620.0,32.08746359,73.47140197,3.360909527,3.308508245,21430.0,19.67765045,26.52859803,33.05582436,743532.0,79.339,17509925.0,0.5,17.4587729,6.2
408,Chile,2015,24418108011.0,29.19107949,75.36751355,6.537888336,2.151942499,22130.0,19.59370995,24.63248645,30.15803099,743532.0,79.746,17870124.0,0.4,17.54608293,6.49
411,China,2008,1600140000000.0,32.60271402,49.77349454,1.235048262,9.650678918,7630.0,14.29631519,50.22650546,25.01000133,9388210.8,74.872,1324655000.0,18.0,10.10142653,4.59
413,China,2010,1964210000000.0,27.18533272,48.91336167,0.952058055,10.63587107,9220.0,13.55206871,51.08663833,23.53174494,9388211.0,75.599,1337705000.0,13.9,10.21204861,4.53
414,China,2011,2162030000000.0,26.56818934,50.15929328,0.641201722,9.550832179,10200.0,13.07809544,49.84070672,24.17271524,9388211.0,75.903,1345035000.0,10.2,10.31279489,4.55
415,China,2012,2309890000000.0,25.49252223,51.1426133,0.761392113,7.863736448,11140.0,14.40716839,48.8573867,22.77500014,9388211.0,76.192,1354190000.0,8.5,10.25676868,4.58
416,China,2013,2359550000000.0,24.59925444,51.71714701,0.762458596,7.766150097,11780.0,13.31540489,48.28285299,22.14512114,9388211.0,76.452,1363240000.0,2.9,9.907732583,4.6
417,China,2014,2540270000000.0,23.51006091,52.52494301,1.175391014,7.425763656,12500.0,12.75261116,47.47505699,21.39515505,9388211.0,76.717,1371860000.0,2.1,9.678618827,4.63
418,China,2015,2389500000000.0,21.35407988,53.99089043,1.576545107,7.041328879,12840.0,12.25982952,46.00910957,18.11008945,9388211.0,76.977,1379860000.0,1.2,9.376920447,4.65
419,China,2016,2310850000000.0,19.58438005,55.03873751,1.926630609,6.848762204,13420.0,12.26956177,44.96126249,17.31003496,9388210.0,77.218,1387790000.0,0.8,9.122915561,4.56
421,Colombia,2008,20794274607.0,18.10959514,79.2275377,1.27219446,3.283446186,9940.0,13.8549099,20.7724623,21.05805428,1109500.0,74.295,43815313.0,11.0,13.03151101,11.27
422,Colombia,2009,16366912991.0,16.42449569,80.31955404,1.507582939,1.139648645,10050.0,15.45088005,19.68044596,18.73163282,1109500.0,74.742,44313917.0,9.6,12.67522738,12.07
423,Colombia,2010,20412780151.0,16.34084476,79.69415138,1.913677778,4.494658971,10450.0,15.92683029,20.30584862,17.92375841,1109500.0,75.033,44816108.0,8.3,12.1421652,11.15
424,Colombia,2011,28356812651.0,19.27650507,77.92182197,2.513634839,6.947891982,11200.0,14.77202988,22.07817803,20.19391848,1109500.0,75.32,45308899.0,6.8,14.57588119,10.29
425,Colombia,2012,26000795616.0,18.81120528,79.10809639,-0.163532931,3.912635767,11630.0,15.02233982,20.89190361,20.02394574,1109500.0,75.597,45782417.0,6.7,13.22699071,9.96
426,Colombia,2013,26051889904.0,18.08643972,79.6312245,2.002671246,5.13399352,12360.0,16.26272964,20.3687755,19.90020908,1109500.0,75.827,46237930.0,6.1,14.02211435,9.25
427,Colombia,2014,26051713388.0,16.63474911,80.21465376,1.022697695,4.499030001,13010.0,14.80897999,19.78534624,20.85271653,1109500.0,76.043,46677947.0,5.4,15.69974837,8.8
428,Colombia,2015,16830329672.0,15.65021151,83.2866488,1.437085548,2.955901375,13200.0,14.29273033,16.7133512,22.71055261,1109500.0,76.257,47119728.0,4.9,15.79726266,8.57
429,Colombia,2016,16629704631.0,14.71713928,83.60095487,1.597817741,2.087382502,13820.0,14.92718983,16.39904513,21.48551371,1109500.0,76.471,47625955.0,4.9,14.38521293,8.92
471,Cote d'Ivoire,2008,-5759850497.0,31.01366907,81.73326247,0.059933115,4.782665979,2280.0,21.52691078,18.26673753,30.92695223,318000.0,53.653,20244449.0,34.4,10.74426681,6.435
478,Cote d'Ivoire,2015,9089610892.0,27.35324379,74.61651465,0.031449031,7.194949427,4480.0,21.17321968,25.38348535,25.35962095,318000.0,57.762,23596741.0,33.4,11.1757328,2.537
482,Croatia,2009,732956959.2,32.21965658,81.51384232,2.214118277,-7.217907255,19510.0,10.71168137,18.48615768,37.73953861,55964.0,76.16829268,4305181.0,0.9,19.39641302,9.2
483,Croatia,2010,844963371.2,35.5978386,81.57013702,0.758583708,-1.243071346,19390.0,10.83368874,18.42986298,37.24213091,55964.0,76.47560976,4295427.0,1.2,19.45787776,11.62
484,Croatia,2011,636888976.8,38.14326419,82.95427438,-0.096269176,-0.082944287,20450.0,10.46747684,17.04572562,39.82759063,55964.0,76.77560976,4280622.0,0.6,18.87212065,13.68
485,Croatia,2012,-197870623.8,38.83407333,83.87159342,-0.151988081,-2.339906798,20790.0,10.81541634,16.12840658,40.43939614,55964.0,76.92439024,4267558.0,0.8,19.41865802,15.93
486,Croatia,2013,979174296.6,39.70554043,83.72610319,-0.048169113,-0.396793619,21760.0,10.5198698,16.27389681,41.69747657,55964.0,77.12682927,4255689.0,0.7,19.92719786,17.25
487,Croatia,2014,1411556162.0,42.60635709,82.59002545,3.779718023,-0.425623768,22080.0,10.65031433,17.40997455,42.99028603,55964.0,77.47804878,4238389.0,1.0,19.59870503,17.29
488,Croatia,2015,3639076822.0,45.55808198,80.4710606,-0.365662756,2.522553399,23520.0,10.46403313,19.5289394,45.34742768,55964.0,77.27560976,4203604.0,0.6,20.49512207,16.18
489,Croatia,2016,3455508188.0,46.7426192,79.1642355,-3.399742605,3.562287829,24880.0,10.54242897,20.8357645,45.63733048,55964.0,78.02195122,4174349.0,0.6,20.97492198,13.1
510,Cyprus,2007,463887429.8,53.25889801,80.3759444,5.267824469,5.098068453,30780.0,14.79816532,19.6240556,58.01605326,9240.0,78.81,1073873.0,0.0,48.56342169,3.95
511,Cyprus,2008,766226429.1,50.08160098,83.80654571,51.60527368,3.646811991,34260.0,15.59704685,16.19345429,62.84411604,9240.0,78.981,1092390.0,0.0,46.04608322,3.76
512,Cyprus,2009,1116438222.0,48.72214083,82.47193796,237.5631869,-2.015262359,33790.0,15.09335613,17.52806204,54.0687199,9240.0,79.401,1110974.0,0.1,23.24918544,5.59
513,Cyprus,2010,313983172.1,50.46717734,84.49207608,123.2460435,2.014695707,33030.0,15.52406216,15.50792392,58.72152121,9240.0,79.665,1129686.0,0.0,23.1149202,6.36
514,Cyprus,2011,1250181509.0,53.60266278,85.07081213,171.8603052,0.401437941,34280.0,14.87080097,14.92918787,57.32193144,9240.0,79.999,1145086.0,0.0,23.21412079,7.94
515,Cyprus,2012,-30546427.89,55.4336177,85.87011208,301.2644176,-3.446822086,31700.0,14.00662994,14.12988792,57.22614893,9240.0,80.109,1156556.0,0.0,23.40029928,12.1
516,Cyprus,2013,-489206187.7,61.45116576,85.65581698,124.9041965,-6.553078255,30050.0,14.78433514,14.34418302,59.77998181,9240.0,80.402,1166968.0,0.1,23.58048225,16.13
517,Cyprus,2014,-1000608544.0,66.15087491,85.67483685,285.2535348,-1.829309109,29350.0,11.31433487,14.32516315,65.08862425,9240.0,80.771,1176995.0,0.1,24.79036195,16.28
518,Cyprus,2015,-28587586.94,70.25296804,83.89014423,222.9818674,3.383079712,31710.0,13.86324215,16.10985577,67.48551034,9240.0,80.966,1187280.0,0.0,24.1283264,15.03
519,Cyprus,2016,183973204.9,70.79860154,81.0518222,30.64960206,6.454554466,34460.0,14.63431835,18.9481778,68.84391109,9240.0,81.056,1197881.0,0.0,23.62100316,13.01
520,Czechia,2007,16183729957.0,66.10076919,65.18317112,2.551173534,5.570338859,24600.0,10.67118263,34.81682888,63.67824812,77250.0,76.72439024,10298828.0,0.1,14.61169007,5.32
521,Czechia,2008,17577050264.0,62.95164809,66.50809081,2.769130729,2.686411951,26270.0,10.52689266,33.49190919,60.79085103,77240.0,76.97560976,10384603.0,0.0,13.67309281,4.39
522,Czechia,2009,5116900293.0,58.34542981,69.30559489,1.600550376,-4.657331092,25840.0,10.43514729,30.69440511,54.45181472,77240.0,77.07804878,10443936.0,0.0,13.57022193,6.66
523,Czechia,2010,3605477608.0,65.54300541,69.58303175,2.510819309,2.434902159,25790.0,10.58565712,30.41696825,62.48590613,77230.0,77.42439024,10474410.0,0.0,13.65075748,7.28
524,Czechia,2011,3359116244.0,70.82186719,69.02816443,0.695315516,1.760359624,26660.0,10.63011456,30.97183557,67.04095169,77230.0,77.87317073,10496088.0,0.0,14.52026341,6.71
525,Czechia,2012,5771267252.0,75.64618657,68.87663515,1.55731538,-0.785004299,27370.0,10.16633415,31.12336485,70.88267001,77230.0,78.07560976,10510785.0,0.0,14.92876345,6.98
526,Czechia,2013,5597734823.0,76.05838162,69.29246833,3.655212,-0.045903674,28860.0,10.6200428,30.70753167,70.36403543,77220.0,78.17560976,10514272.0,0.0,15.08116108,6.95
527,Czechia,2014,8543758992.0,81.95427457,67.65631191,1.946050194,2.262102897,30270.0,10.6447258,32.34368809,75.6207076,77220.0,78.82439024,10525347.0,0.0,14.42965406,6.11
528,Czechia,2015,12031282535.0,80.55877811,66.07485918,1.981645663,5.388380838,31570.0,10.49886131,33.92514082,74.61688537,77210.0,78.57804878,10546059.0,0.0,14.76956046,5.05
529,Czechia,2016,11280143687.0,79.10707663,66.34813972,1.599413632,2.53728452,33660.0,9.933925629,33.65186028,71.47919071,77210.0,79.02682927,10566332.0,0.0,14.91277755,3.95
530,Denmark,2007,30772012502.0,51.48253505,71.82494952,5.426097414,0.909238928,39210.0,11.98038292,28.17505048,48.58531613,40000.0,78.19512195,5461438.0,0.0,35.09300117,3.8
531,Denmark,2008,30820330835.0,54.17579741,72.49254374,5.305024166,-0.512016745,41740.0,12.11152554,27.50745626,50.65243249,40000.0,78.44634146,5493621.0,0.1,33.42154071,3.68
532,Denmark,2009,14032513695.0,47.12607346,76.41455397,1.917970374,-4.90654773,40730.0,12.26772594,23.58544603,42.62896583,40000.0,78.59756098,5523095.0,0.5,33.18383922,6.41
533,Denmark,2010,22279502710.0,50.52292764,74.97807857,-0.17820965,1.870991147,43700.0,12.58372211,25.02192143,43.57704925,40000.0,79.1,5547683.0,0.1,32.73723667,7.75
534,Denmark,2011,28089273157.0,53.82014893,74.4785491,3.814787369,1.336777767,45340.0,12.08395576,25.5214509,47.42564656,40000.0,79.8,5570572.0,0.0,32.75348927,7.77
535,Denmark,2012,26816883341.0,54.63049402,74.5135872,-3.343596399,0.226499792,45820.0,12.03017139,25.4864128,48.61047632,40000.0,80.05121951,5591572.0,0.0,33.44639821,7.8
536,Denmark,2013,34880775736.0,54.82881899,73.70169334,2.039771851,0.933340972,48210.0,12.33083916,26.29830666,48.2213221,40000.0,80.3,5614932.0,0.3,33.81975266,7.38
537,Denmark,2014,42835782550.0,54.61313944,72.94661427,2.810139852,1.619393811,49640.0,12.9065752,27.05338573,47.65077691,40000.0,80.7,5643475.0,0.2,36.50029166,6.93
538,Denmark,2015,37092172033.0,55.4181744,72.5806651,2.397752162,2.342591108,50550.0,12.8566246,27.4193349,48.630054,40000.0,80.70243902,5683483.0,0.2,33.92161906,6.28
539,Denmark,2016,40661780248.0,53.42598052,71.54146682,5.746000434,3.245956985,53250.0,12.94861698,28.45853318,46.74284826,40000.0,80.85365854,5728010.0,0.3,33.29505948,5.99
560,Dominican Republic,2007,8188002809.0,26.76202201,80.07179567,1.331727269,7.415951715,9540.0,12.57787991,19.92820433,35.18520867,48310.0,71.371,9402206.0,6.1,14.88626837,5.16
566,Dominican Republic,2013,8654203394.0,25.16715873,83.62377216,-0.623143817,4.875205093,11760.0,21.70730591,16.37622784,31.51459739,48310.0,72.713,10157051.0,3.0,13.50353563,7.35
567,Dominican Republic,2014,10102291767.0,25.15139056,82.08070244,0.263173737,7.05046369,12680.0,21.54460335,17.91929756,30.34503269,48310.0,72.867,10282115.0,3.4,13.38644704,6.72
568,Dominican Republic,2015,12077154141.0,23.7615823,81.20576795,0.031476224,6.927018772,13960.0,22.31357002,18.79423205,28.40949542,48310.0,72.953,10405832.0,2.5,12.81184796,7.61
569,Dominican Republic,2016,13227235395.0,23.90937952,80.79502185,0.144508961,6.659200263,15230.0,19.55919075,19.20497815,27.67659173,48310.0,72.987,10527592.0,2.0,12.91086855,7.28
581,"Egypt, Arab Rep.",2008,28226798739.0,33.04299274,83.20491346,1.179352317,7.156283566,8460.0,11.01320553,16.79508654,38.63763261,995450.0,69.319,83844783.0,2.9,15.32052485,8.52
583,"Egypt, Arab Rep.",2010,25347321808.0,21.34924581,85.73678104,0.536798028,5.147234858,8850.0,11.33020687,14.26321896,26.58710426,995450.0,69.664,87252413.0,1.0,14.13007625,8.76
585,"Egypt, Arab Rep.",2012,22218764915.0,16.39696662,91.89108497,0.075631456,2.226199799,10260.0,10.92304325,8.10891503,24.31480265,995450.0,70.085,91240376.0,0.9,12.38490476,12.6
588,"Egypt, Arab Rep.",2015,14865757869.0,13.18384549,94.18961496,0.055166496,4.372019078,10700.0,12.0,5.81038504,21.66209747,995450.0,70.483,97723799.0,0.9,12.5192111,13.05
590,El Salvador,2007,1057790124.0,25.56703455,105.6869517,0.559613209,1.847602206,5760.0,13.75427341,-5.686951666,52.05402149,20720.0,71.108,6044131.0,5.1,16.74489691,6.41
591,El Salvador,2008,617389755.7,26.74058717,107.0121072,0.441599409,2.154402832,6000.0,13.09002113,-7.012107151,53.92538677,20720.0,71.424,6068099.0,7.7,17.06020329,5.88
592,El Salvador,2009,600864006.6,23.95120449,104.1141668,0.016816634,-2.108768036,5830.0,16.90505791,-4.114166764,42.11998668,20720.0,71.576,6091188.0,7.4,14.97703052,7.33
593,El Salvador,2010,1004714676.0,26.94666933,102.9723134,0.609308249,2.154195011,6020.0,15.47114754,-2.97231341,46.59061835,20720.0,71.848,6114034.0,6.3,15.81208071,4.89
594,El Salvador,2011,994373740.8,28.98177756,103.5231599,-0.472935031,3.773584906,6340.0,12.53421021,-3.523159884,50.29486614,20720.0,71.859,6137349.0,5.3,15.34403351,4.3
595,El Salvador,2012,742561546.4,28.57106118,102.7969504,-0.167837502,2.887700535,6350.0,16.00487137,-2.796950363,49.07751044,20720.0,71.831,6161289.0,4.6,16.18243583,3.84
596,El Salvador,2013,164255797.2,29.72489605,103.9820453,0.300453455,2.182952183,6650.0,14.03022003,-3.98204535,50.72629844,20720.0,71.771,6185642.0,3.6,17.05473522,3.69
597,El Salvador,2014,474853172.2,29.55287523,102.6014596,0.884545495,1.729399797,7000.0,15.58036518,-2.601459625,48.55155051,20720.0,71.746,6209526.0,3.4,16.7087952,4.15
598,El Salvador,2015,566689219.5,29.48617302,101.5709797,0.418938001,2.400000089,7350.0,17.21397018,-1.570979732,47.07409771,20720.0,71.814,6231066.0,2.3,16.75268491,4.0
599,El Salvador,2016,869487332.8,28.4585905,99.93439826,0.544062336,2.539062411,7750.0,16.16272926,0.065601744,44.36050287,20720.0,72.025,6250510.0,2.6,17.35477562,4.42
620,Estonia,2007,2649912859.0,62.59857277,68.30521834,10.63488556,7.57914052,20480.0,17.01323509,31.69478166,71.38902848,42390.0,72.81463415,1340680.0,0.4,20.22298918,4.59
621,Estonia,2008,2070275867.0,66.39225243,71.74811097,5.298892067,-5.132000958,21610.0,16.42277908,28.25188903,70.29679871,42390.0,73.77073171,1337090.0,0.4,19.30206792,5.45
622,Estonia,2009,1163107086.0,60.8643762,73.87619857,6.942298738,-14.62905503,19850.0,15.28184414,26.12380143,55.90037147,42390.0,74.82439024,1334515.0,0.6,21.52102314,13.55
623,Estonia,2010,1216817559.0,75.04931619,71.9909426,6.358611311,2.444265118,20450.0,16.17285538,28.0090574,68.62890789,42390.0,75.42926829,1331475.0,0.8,19.82395754,16.71
624,Estonia,2011,2563254690.0,86.60379142,68.61757714,-5.906994295,7.263084581,23300.0,16.25656891,31.38242286,80.78818842,42390.0,76.22926829,1327439.0,1.0,19.24387321,12.33
625,Estonia,2012,2661615210.0,86.20779227,68.98815305,5.566950592,3.228200494,24920.0,15.61931038,31.01184695,84.55213415,42390.0,76.32682927,1322696.0,0.7,19.95207595,10.02
626,Estonia,2013,2771272645.0,84.5681702,70.08808836,3.389268839,1.458428636,26800.0,15.38186264,29.91191164,81.88466433,43470.0,77.14146341,1317997.0,0.9,20.1672231,8.63
627,Estonia,2014,3138906979.0,81.86543288,69.3598875,4.264833564,3.011366587,28120.0,14.6169796,30.6401125,78.37604185,43470.0,77.03414634,1314545.0,0.8,20.74737186,7.35
628,Estonia,2015,2333613411.0,77.43549844,70.97194553,-2.512447988,1.853020046,28530.0,14.97884846,29.02805447,73.50169126,43470.0,77.5902439,1315407.0,0.6,21.64006429,6.19
629,Estonia,2016,2468964193.0,77.00753774,71.19029829,1.516369171,3.155564814,30620.0,14.36475658,28.80970171,73.40115901,43470.0,77.64146341,1315790.0,0.5,21.77469007,6.76
661,Fiji,2008,35865628.45,57.12477872,93.32501854,-0.249130089,1.03279422,7160.0,17.36972046,6.67498146,73.87306926,18270.0,66.935,896731.0,1.0,22.71362931,4.186
666,Fiji,2013,330344075.8,56.87342832,84.96808119,0.107125713,4.73421949,8860.0,14.30039024,15.03191881,69.47495841,18270.0,67.428,913453.0,0.4,23.47566275,4.359
670,Finland,2007,32457076486.0,43.8259066,69.34228532,6.443415209,5.299336507,37960.0,12.41471386,30.65771468,39.03149589,304090.0,79.26341463,5288720.0,0.1,21.06515139,6.85
671,Finland,2008,29545792845.0,44.90000772,70.88667542,10.55525636,0.783995061,40150.0,12.19075775,29.11332458,41.28432811,303900.0,79.56829268,5313399.0,0.1,20.49108177,6.37
672,Finland,2009,10978698570.0,36.08092568,76.21308742,-1.540557391,-8.074447432,38440.0,11.99967384,23.78691258,34.04237759,303900.0,79.7195122,5338871.0,0.1,18.88284263,8.25
673,Finland,2010,12579371944.0,38.41439756,76.31641889,6.008658756,3.185958654,39450.0,12.13768482,23.68358111,37.05000983,303900.0,79.87073171,5363352.0,0.1,18.60127669,8.39
674,Finland,2011,11980109152.0,38.90039293,76.52350024,-1.288380695,2.547664838,41070.0,11.97931862,23.47649976,39.67918868,303890.0,80.47073171,5388272.0,0.0,20.01787897,7.78
675,Finland,2012,6005117267.0,38.80827907,78.13934748,3.242519607,-1.397545728,41060.0,11.55808258,21.86065252,40.36222188,303890.0,80.62682927,5413971.0,0.1,20.13559693,7.69
676,Finland,2013,3043574057.0,38.01762912,78.71975959,-2.63790057,-0.901696316,41660.0,11.20705986,21.28024041,39.07625746,303890.0,80.97560976,5438972.0,0.1,20.64349724,8.19
677,Finland,2014,4243876437.0,36.48143762,79.02869544,0.152260508,-0.364908157,42180.0,11.07443428,20.97130456,37.63128513,303890.0,81.1804878,5461512.0,0.1,20.63152197,8.66
678,Finland,2015,4573563447.0,35.40695887,78.85564255,-0.322369582,0.543659212,42920.0,10.97220707,21.14435745,35.97558956,303910.0,81.4804878,5479531.0,0.1,20.47070511,9.38
679,Finland,2016,6158788001.0,34.81045247,78.00274,8.56166984,2.811457767,45140.0,10.87608814,21.99726,36.08804789,303910.0,81.42926829,5495303.0,0.0,20.81344992,8.82
680,France,2007,190745000000.0,27.85325751,76.54942927,4.969835146,2.424736243,34800.0,10.09424782,23.45057073,28.56749907,547557.0,81.11219512,64021737.0,0.0,22.12201755,8.01
681,France,2008,183914000000.0,28.11938486,77.0284785,4.641130841,0.25494596,35860.0,10.11413097,22.9715215,29.27769803,547557.0,81.21463415,64379696.0,0.0,22.00523996,7.39
682,France,2009,84014908340.0,24.83554721,79.45824825,3.284788888,-2.873313828,35470.0,9.922377586,20.54175175,25.62690364,547557.0,81.41463415,64710879.0,0.0,20.70142768,9.12
683,France,2010,88340486392.0,26.78829984,79.34494702,2.743114524,1.949437623,36730.0,9.921668053,20.65505298,28.07949124,547557.0,81.66341463,65030575.0,0.1,21.95265949,9.28
684,France,2011,122594000000.0,28.42133748,78.72704068,2.250604786,2.192700633,38430.0,9.737814903,21.27295932,30.36923895,547557.0,82.11463415,65345233.0,0.0,21.81649646,9.23
685,France,2012,92051011272.0,29.20302719,78.66937252,1.938194406,0.313134751,38500.0,9.612243652,21.33062748,30.49903198,547557.0,81.96829268,65662240.0,0.1,22.53074008,9.84
686,France,2013,94737256016.0,29.36473787,78.74738627,0.626465435,0.576326675,40410.0,9.598536491,21.25261373,30.39931721,547557.0,82.2195122,66002289.0,0.1,23.21091787,9.91
687,France,2014,98844075196.0,29.6666845,78.43559645,1.859043151,0.956183052,41010.0,9.594199181,21.56440355,30.81211202,547557.0,82.7195122,66312067.0,0.0,23.16141532,10.27
688,France,2015,107991000000.0,30.59262238,77.85412512,2.100319835,1.112912341,41730.0,9.590435028,22.14587488,31.15907156,547557.0,82.32195122,66548272.0,0.1,23.19771546,10.35
689,France,2016,101040000000.0,30.24753718,77.99567527,3.018437123,1.095464404,43830.0,9.541593552,22.00432473,30.8526052,547557.0,82.57317073,66724104.0,0.1,23.0648275,10.06
720,Georgia,2007,-170415708.1,30.81829844,96.10916923,1.978458283,12.57895343,6850.0,9.313008308,3.890830774,57.57511563,69490.0,71.568,3860158.0,14.2,20.95528958,13.28
721,Georgia,2008,-1209705711.0,28.26331986,104.8896718,1.356774999,2.418571659,7110.0,8.878415108,-4.889671768,58.03490451,69490.0,71.332,3848449.0,12.4,24.22450445,17.87
722,Georgia,2009,-1319191886.0,29.54520182,107.9239408,-0.227548107,-3.650513631,6960.0,8.733519554,-7.923940843,48.64783721,69490.0,71.95,3814419.0,12.1,23.5093962,20.71
723,Georgia,2010,-327695597.7,32.95450379,96.46497049,1.555360882,6.232310183,7430.0,8.995471001,3.535029512,49.94455035,69490.0,72.128,3786695.0,14.4,21.42739304,20.2
724,Georgia,2011,-384030200.5,34.68779804,95.96761216,1.209549233,7.360661618,8120.0,9.265166283,4.032387838,52.85905482,69490.0,72.39,3756441.0,13.4,23.21311527,19.63
725,Georgia,2012,223641590.7,36.51629063,93.03383002,1.315567011,6.416776679,9720.0,9.820213318,6.966169984,55.42598789,69490.0,72.412,3728874.0,10.7,23.65640368,19.65
726,Georgia,2013,385872955.9,41.7219539,91.16709975,0.740498176,3.615553719,10420.0,12.01122379,8.832900245,53.88013192,69490.0,72.628,3717668.0,8.1,22.48304661,19.42
727,Georgia,2014,377201446.9,39.93445573,91.50044981,2.306365424,4.441548404,11420.0,12.50749397,8.499550186,56.84038041,69490.0,73.099,3719414.0,6.1,22.47686673,17.44
728,Georgia,2015,21632685.29,40.86223663,90.74966848,2.111184688,3.026576617,11820.0,14.10989475,9.250331516,57.90658612,69490.0,73.297,3725276.0,4.9,22.75143657,16.51
729,Georgia,2016,454762982.9,40.79975444,85.07422703,2.727501635,2.90643878,12260.0,15.01032257,14.92577297,56.02606318,69490.0,73.569,3727505.0,4.9,23.50346021,16.6
730,Germany,2007,388238000000.0,43.3227581,71.84897282,4.105978609,2.976455131,36820.0,9.044315338,28.15102718,36.5516593,348670.0,79.53414634,82266372.0,0.0,11.33404013,8.66
731,Germany,2008,368287000000.0,43.79919026,72.4802375,2.617296561,0.959879134,38160.0,8.92984581,27.5197625,37.72561447,348630.0,79.73658537,82110097.0,0.0,11.47230109,7.52
732,Germany,2009,201802000000.0,38.11990694,76.43243531,2.923781831,-5.693836336,37640.0,9.018068314,23.56756469,33.10880596,348610.0,79.83658537,81902307.0,0.0,11.61493705,7.74
733,Germany,2010,263799000000.0,42.56547341,74.67189206,4.313451553,4.179882499,39730.0,9.113441467,25.32810794,37.30315083,348570.0,79.98780488,81776930.0,0.0,11.19029793,6.97
734,Germany,2011,377608000000.0,45.05713628,73.45661504,2.878087143,3.925192705,43630.0,9.511645317,26.54338496,40.14898499,348560.0,80.43658537,80274983.0,0.0,11.48138523,5.82
735,Germany,2012,308897000000.0,46.30712014,74.18382623,2.809136341,0.418497594,44400.0,9.517230034,25.81617377,40.20693474,348540.0,80.53902439,80425823.0,0.0,11.62298611,5.38
736,Germany,2013,315404000000.0,45.41867786,74.18777456,2.498612666,0.437591303,46040.0,9.709711075,25.81222544,39.66019884,348880.0,80.4902439,80645605.0,0.0,11.61150337,5.23
737,Germany,2014,375563000000.0,45.61926331,73.0112761,2.762892358,2.209543431,47950.0,9.748104095,26.9887239,39.00083008,348900.0,81.0902439,80982500.0,0.0,11.4825632,4.98
738,Germany,2015,348979000000.0,46.92073836,72.66180465,3.897594188,1.491931528,48690.0,9.638143539,27.33819535,39.32548626,348860.0,80.64146341,81686611.0,0.0,11.47872896,4.62
739,Germany,2016,371387000000.0,46.07326285,72.65569074,3.225483325,2.229999868,51830.0,9.477829933,27.34430926,38.69638311,349360.0,80.9902439,82348669.0,0.0,11.29612025,4.12
745,Ghana,2012,-1279152878.0,40.35921817,95.48187666,0.002641035,9.292789406,4690.0,26.58139038,4.518123342,52.80881695,227540.0,62.081,26858762.0,25.7,15.36818101,3.102
749,Ghana,2016,5927378840.0,31.19323949,80.03486661,0.026110594,3.37346575,4620.0,22.09332085,19.96513339,36.6837607,227540.0,63.89,29554303.0,25.2,11.05832931,5.295
760,Greece,2007,-5379052293.0,22.52026973,85.35273658,1.649580353,3.273746876,28570.0,7.636775494,14.64726342,35.00410429,128900.0,79.43902439,11048473.0,0.5,20.24284251,8.35
761,Greece,2008,-17533208778.0,23.36156903,88.09528511,0.901368174,-0.335172543,29940.0,7.426870346,11.90471489,35.9681465,128900.0,79.93902439,11077841.0,0.3,20.21361261,7.66
762,Greece,2009,-32914883196.0,18.98218682,91.44157615,0.736948221,-4.300733487,29680.0,7.636618614,8.558423851,28.76165978,128900.0,80.18780488,11107017.0,0.6,19.7756802,9.55
763,Greece,2010,-27666007101.0,21.79810215,89.61482265,0.571025585,-5.477808049,27290.0,7.824027061,10.38517735,29.39918357,128900.0,80.38780488,11121341.0,1.0,20.38603357,12.72
764,Greece,2011,-36482954161.0,25.48977484,91.82378943,0.642610519,-10.14931483,24960.0,8.200703621,8.176210565,31.34418993,128900.0,80.73170732,11104899.0,1.1,22.47769443,17.97
765,Greece,2012,-24795952701.0,28.74257947,92.47819558,0.280255554,-7.086696786,25120.0,8.087697983,7.521804417,33.31870533,128900.0,80.63414634,11045011.0,1.5,24.26841791,24.73
766,Greece,2013,-18025917092.0,30.20720698,90.51814171,-0.291956606,-2.515997222,25990.0,7.169329643,9.481858291,32.66929458,128900.0,81.28536585,10965211.0,1.0,24.12327296,27.69
767,Greece,2014,-15333902654.0,32.48559818,89.66285039,1.281021563,0.475695947,26800.0,8.53313446,10.33714961,34.04072941,128900.0,81.38536585,10892413.0,1.5,24.86966867,26.71
768,Greece,2015,-11751243945.0,32.12716124,88.94639413,0.808756315,-0.19608763,26740.0,7.683336735,11.05360587,33.15053123,128900.0,81.03658537,10820883.0,1.4,24.88137603,24.98
769,Greece,2016,-11094432635.0,31.28745626,88.60739398,-0.912948755,-0.487173294,27380.0,8.05513382,11.39260602,32.73174172,128900.0,81.38780488,10775971.0,1.0,26.66965802,23.51
807,Guatemala,2014,219636190.8,21.74436292,96.52339108,0.034247265,4.443977583,7560.0,17.1296463,3.476608923,33.33891636,107160.0,71.964,15306316.0,9.5,10.77781592,2.72
856,Honduras,2013,1339038559.0,47.94149032,98.66276942,0.418511672,2.791559757,3780.0,19.86407089,1.337230579,68.36455893,111890.0,71.963,8960657.0,14.6,15.06324191,5.65
857,Honduras,2014,1846704537.0,47.56265473,95.6659556,1.97386982,3.058080562,4020.0,25.65361977,4.334044403,65.41244255,111890.0,72.259,9127846.0,13.3,16.54263824,7.08
858,Honduras,2015,3038470115.0,45.16675746,91.81290741,1.74024371,3.840079971,4410.0,24.64455986,8.187092587,62.0976479,111890.0,72.487,9294505.0,13.0,17.34447206,6.15
870,Hungary,2007,1025173506.0,77.81956482,75.03691841,48.7056146,0.277372772,17650.0,11.05704594,24.96308159,77.67868554,89610.0,73.15121951,10055780.0,0.1,21.38212963,7.41
871,Hungary,2008,2392554851.0,79.18091868,74.89863465,46.51845031,1.003943029,19360.0,10.86712456,25.10136535,79.14437916,89610.0,73.70243902,10038188.0,0.0,23.25921477,7.82
872,Hungary,2009,2531294099.0,74.22425347,75.49274199,-2.872043489,-6.597867219,19820.0,10.61416245,24.50725801,70.77564397,90530.0,73.90487805,10022650.0,0.1,23.2942656,10.03
873,Hungary,2010,3723657364.0,81.10730424,74.06598551,-18.69257602,1.076254043,20720.0,11.23140526,25.93401449,76.35760956,90530.0,74.20731707,10000023.0,0.1,22.58762595,11.17
874,Hungary,2011,4366567575.0,86.07769684,73.48383756,6.185148434,1.866837475,21910.0,10.29437447,26.51616244,80.35548631,90530.0,74.85853659,9971727.0,0.1,21.0415078,11.03
875,Hungary,2012,3652189098.0,85.87940096,73.72912391,6.16266809,-1.250226023,22280.0,9.522100449,26.27087609,79.76926699,90530.0,75.06341463,9920362.0,0.3,22.86779799,11.0
876,Hungary,2013,9074820852.0,85.41082251,71.90461501,-2.8484003,1.802522101,23830.0,9.414786339,28.09538499,78.93528785,90530.0,75.56585366,9893082.0,0.2,22.86798623,10.18
877,Hungary,2014,10669442005.0,87.12346676,70.09215476,6.552011463,4.232209806,24530.0,10.39120007,29.90784524,81.27112978,91260.0,75.76341463,9866468.0,0.7,23.01842233,7.73
878,Hungary,2015,10989955336.0,87.52645093,68.75523395,-6.516565462,3.707315979,25520.0,10.3242197,31.24476605,79.7939941,91260.0,75.56829268,9843028.0,0.6,23.23512801,6.81
879,Hungary,2016,11816441220.0,86.40473829,70.04588879,51.86033352,2.201001893,27190.0,10.60550213,29.95411121,77.99918943,91260.0,76.06341463,9814023.0,1.3,23.06745669,5.11
880,Iceland,2007,26116182.98,32.84010136,79.41584408,47.18448682,8.454860096,38800.0,16.61261177,20.58415592,41.8308122,100250.0,81.45365854,311566.0,0.1,25.95849178,2.25
881,Iceland,2008,-2669714624.0,40.3004024,76.06586744,-20.90882823,2.209496419,34050.0,11.85544682,23.93413256,42.3876243,100250.0,81.6097561,317414.0,0.1,22.79777458,2.95
882,Iceland,2009,-2066340540.0,48.71980508,76.63204612,17.27283593,-7.66380956,33590.0,14.10290718,23.36795388,40.67493813,100250.0,81.75121951,318499.0,0.1,19.93353865,7.22
883,Iceland,2010,-1950072133.0,51.74623384,76.24479883,-18.11970309,-2.832774915,32160.0,14.68791294,23.75520117,41.90016434,100250.0,81.89756098,318041.0,0.1,20.22643799,7.56
884,Iceland,2011,-1558919845.0,54.54553626,76.73446669,0.158011965,1.845779156,34550.0,14.07245159,23.26553331,46.86316549,100250.0,82.35853659,319014.0,0.1,20.58217743,7.03
885,Iceland,2012,-1270001293.0,54.92605472,78.21751011,-21.72611067,1.063636607,36690.0,14.55964661,21.78248989,49.15942075,100250.0,82.91707317,320716.0,0.0,21.50330708,6.0
886,Iceland,2013,152937625.3,53.24775151,76.82437866,3.268927421,4.55246032,42100.0,15.50009155,23.17562134,45.54177209,100250.0,82.06097561,323764.0,0.0,21.6567855,5.38
887,Iceland,2014,356022800.4,51.51909795,76.4037384,0.119515771,1.687215018,43500.0,15.1298275,23.5962616,45.14649394,100250.0,82.86097561,327386.0,0.0,24.49195998,4.9
888,Iceland,2015,880225826.8,51.65172145,73.11113633,2.572210319,4.436663719,46470.0,15.61505795,26.88886367,44.16648646,100250.0,82.46829268,330815.0,0.0,22.68944412,3.98
889,Iceland,2016,1610354903.0,47.48403629,72.28106084,-8.704835324,6.303687107,50990.0,14.39814854,27.71893916,40.84898734,100250.0,82.20487805,335439.0,0.0,37.61284979,2.98
892,India,2009,337078000000.0,20.40051937,67.41955589,1.199472947,7.861888832,3870.0,11.19120026,32.58044411,25.87235027,2973190.0,66.513,1223640160.0,33.5,9.809725406,8.383
894,India,2011,449079000000.0,24.54041132,67.29168017,0.691587283,5.241315002,4430.0,13.56490993,32.70831983,31.08346869,2973190.0,67.359,1257621191.0,22.9,10.1773872,8.215
898,India,2015,461263000000.0,19.81318916,69.43557179,0.357212266,7.99625379,5350.0,16.33423042,30.56442821,22.10972471,2973190.0,69.636,1322866505.0,18.8,10.56970905,7.891
899,India,2016,470242000000.0,19.15823491,69.60382931,0.21994507,8.256305499,5710.0,17.15530205,30.39617069,20.9242508,2973190.0,70.117,1338636340.0,18.1,11.14773842,7.808
901,Indonesia,2008,51693056544.0,29.80828417,69.04503365,1.156291483,6.013703599,7370.0,11.451334,30.95496635,28.75311546,1877519.0,68.226,237936543.0,24.7,13.31061783,7.21
902,Indonesia,2009,57883019973.0,24.15911967,68.29193446,0.416828151,4.628871183,7660.0,16.16484261,31.70806554,21.3530017,1877519.0,68.494,240981299.0,21.0,11.05778652,6.11
903,Indonesia,2010,109314000000.0,24.29903094,65.22309079,0.554325078,6.22385418,8210.0,18.01392365,34.77690921,22.40224294,1877519.0,68.679,244016173.0,18.3,10.53748506,5.61
904,Indonesia,2011,134380000000.0,26.32735309,64.48203372,1.01196597,6.169784208,8770.0,18.54828453,35.51796628,23.8526601,1877519.0,68.823,247099697.0,15.7,11.15812785,5.15
905,Indonesia,2012,123778000000.0,24.59437879,65.63803486,0.815426294,6.030050653,9370.0,16.96810913,34.36196514,24.98851951,1877519.0,68.973,250222695.0,13.7,11.38058994,4.47
906,Indonesia,2013,116215000000.0,23.92357638,66.34718232,1.217686934,5.557263689,9710.0,16.3005867,33.65281768,24.7137963,1877519.0,69.264,253275918.0,11.2,11.28530146,4.34
907,Indonesia,2014,107760000000.0,23.6659846,66.5641423,1.16607114,5.006668426,9890.0,16.45954704,33.4358577,24.41419099,1877519.0,69.533,256229761.0,9.3,10.83552375,4.05
908,Indonesia,2015,104257000000.0,21.16017926,67.19943167,1.054144746,4.8763223,9880.0,16.713871,32.80056833,20.77746098,1877519.0,69.699,259091970.0,8.3,10.75348778,4.51
909,Indonesia,2016,125879000000.0,19.08899385,67.3546109,-1.244176833,5.033069183,10150.0,21.07878494,32.6453891,18.33234795,1877519.0,69.798,261850182.0,7.5,10.3363487,4.3
930,Ireland,2007,27569953546.0,80.83679518,62.03710037,20.70646347,5.310118221,40450.0,12.13832664,37.96289963,72.56006864,68890.0,79.64146341,4398942.0,0.1,25.93716835,4.98
931,Ireland,2008,14069809388.0,84.33328243,67.03399796,21.12934656,-4.484070646,38230.0,11.32608795,32.96600204,75.70616173,68890.0,80.09512195,4489544.0,0.2,23.81094122,6.77
932,Ireland,2009,2898806137.0,93.55616889,67.31621944,23.0563519,-5.095783185,34640.0,10.19272709,32.68378056,80.03532545,68890.0,80.1902439,4535375.0,0.5,22.06237631,12.61
950,Israel,2007,18936879451.0,39.3715408,76.69827939,4.675034399,6.033213571,28140.0,15.39008427,23.30172061,40.24311343,21640.0,80.50487805,7180100.0,0.5,25.30063277,9.38
951,Israel,2008,17413753803.0,37.76899338,77.57056405,3.269017901,3.251163361,27460.0,15.61715698,22.42943595,38.32872968,21640.0,80.95121951,7308800.0,0.5,23.28203305,7.7
952,Israel,2009,16629320008.0,32.54196822,76.8745901,0.826107308,0.883120394,27320.0,15.57397556,23.1254099,30.05579433,21640.0,81.40487805,7485600.0,0.5,21.39001073,9.53
953,Israel,2010,21918049932.0,34.15857617,77.00693024,3.332465022,5.668515118,28830.0,16.43940926,22.99306976,32.28174736,21640.0,81.60243902,7623600.0,0.5,22.08482283,8.48
954,Israel,2011,25960117025.0,34.75932583,77.05336599,2.774035218,5.561139076,30820.0,16.4648304,22.94663401,34.89707759,21640.0,81.65609756,7765800.0,0.2,22.30298787,7.14
955,Israel,2012,22686596471.0,35.3135369,76.55970479,0.867614634,2.587653844,31580.0,17.05217171,23.44029521,35.42222357,21640.0,81.70487805,7910500.0,0.5,21.71224851,6.76
956,Israel,2013,30727893228.0,33.23677544,76.01309081,1.295860006,4.415501587,34040.0,17.26696205,23.98690919,31.40743303,21640.0,82.05609756,8059500.0,0.5,22.55825393,6.14
957,Israel,2014,38161905084.0,31.87348912,75.69286374,1.439728663,3.919126893,34510.0,17.86891174,24.30713626,30.29022964,21640.0,82.15365854,8215700.0,0.5,22.85480772,5.79
958,Israel,2015,37537937233.0,31.17124903,74.81566145,3.614991395,2.485826289,35480.0,18.11240959,25.18433855,28.04105109,21640.0,82.05121951,8380100.0,0.5,23.0671009,5.18
959,Israel,2016,39152913942.0,29.95495989,74.99105409,4.526008602,4.521680309,37730.0,18.06420326,25.00894591,28.08902666,21640.0,82.40731707,8546000.0,0.2,23.04225859,4.72
960,Italy,2007,109559000000.0,27.36104225,78.09333161,5.421951121,1.48707298,34180.0,9.450937271,21.90666839,27.70041338,295718.0,81.43414634,58438310.0,0.7,23.76334792,6.08
961,Italy,2008,62128176325.0,26.86277469,78.98881199,2.810849825,-0.962012841,35200.0,8.963028908,21.01118801,27.6301011,295718.0,81.48536585,58826731.0,0.7,23.48996403,6.72
962,Italy,2009,5712046686.0,22.39916173,81.11168898,0.834989649,-5.280937208,34580.0,8.864780426,18.88831102,23.01960005,295718.0,81.63658537,59095365.0,0.9,23.74294495,7.75
963,Italy,2010,-5598113459.0,25.07404985,81.2782873,1.438503987,1.713295839,35080.0,8.706913948,18.7217127,26.93213852,295718.0,82.03658537,59277417.0,1.3,23.68062299,8.36
964,Italy,2011,-649903220.9,26.87246347,80.93250074,2.26025359,0.707333347,36510.0,8.25843811,19.06749926,28.27305899,295718.0,82.18780488,59379449.0,1.2,23.64758929,8.36
965,Italy,2012,-14830560950.0,28.37924284,81.1067223,0.325677283,-2.980905768,36440.0,8.018429756,18.8932777,27.27547801,295718.0,82.23902439,59539717.0,1.2,24.94682979,10.65
966,Italy,2013,-6116859006.0,28.63324308,80.70869948,0.946610041,-1.841065451,36250.0,8.021048546,19.29130052,26.23433632,295718.0,82.6902439,60233948.0,1.4,25.13890393,12.15
967,Italy,2014,14310507974.0,29.10882819,80.14526311,0.947093888,-0.004547542,36200.0,7.942351341,19.85473689,26.21328696,295718.0,83.0902439,60789140.0,1.2,24.84107219,12.68
968,Italy,2015,7514178346.0,29.71598237,79.87895044,0.839812878,0.778304351,36640.0,7.943844795,20.12104956,26.70219379,295718.0,82.54390244,60730582.0,1.9,24.73952717,11.9
969,Italy,2016,46307028549.0,29.32789075,79.15079301,0.72770998,1.293462732,40040.0,7.862373352,20.84920699,26.03971207,295718.0,83.24390244,60627498.0,1.6,25.07030955,11.69
1003,Kazakhstan,2010,24619937935.0,44.2441795,56.19282688,2.560585451,7.300000003,16710.0,16.93131638,43.80717312,29.8940864,2699700.0,68.45,16321872.0,0.2,15.71238046,5.77
1004,Kazakhstan,2011,38692615090.0,46.46466279,52.66706456,2.687920709,7.400000001,17790.0,18.1045742,47.33293544,26.65319426,2699700.0,68.69,16557202.0,0.1,18.25783421,5.39
1005,Kazakhstan,2012,36858062163.0,44.10966304,56.45835418,0.861680959,4.799999995,19050.0,19.25287056,43.54164582,29.61406945,2699700.0,69.52,16792090.0,0.0,13.31209815,5.29
1006,Kazakhstan,2013,39982951380.0,38.61703772,60.06994589,0.835429379,5.999999997,21900.0,17.96060753,39.93005411,26.79057161,2699700.0,70.62,17035551.0,0.0,16.03017776,5.2
1007,Kazakhstan,2014,39563397481.0,39.34175809,59.1721806,1.189411165,4.200000006,22190.0,17.32483292,40.8278194,25.63027656,2699700.0,71.44,17288285.0,0.0,14.19343274,5.06
1008,Kazakhstan,2015,27522940844.0,28.51670801,65.35054029,1.798581935,1.200000001,21760.0,16.81945801,34.64945971,24.5330208,2699700.0,71.97,17542806.0,0.0,9.835711552,4.93
1009,Kazakhstan,2016,18170425928.0,31.84388864,66.17517029,2.531048351,1.099999999,21490.0,19.60174561,33.82482971,28.46770794,2699700.0,72.41,17794055.0,0.1,9.924250197,4.96
1049,"Korea, Rep.",2016,273645000000.0,40.13265091,63.1958233,1.993058753,2.946881715,39720.0,14.30253983,36.8041767,33.47115855,97489.0,82.27560976,51217803.0,0.2,13.98195298,3.65
1077,Kyrgyz Republic,2014,-364223906.6,37.44865159,113.4721508,1.507413715,4.024038626,4100.0,18.25902748,-13.47215082,87.67752949,191800.0,70.40243902,5835500.0,1.0,17.54865309,3.254
1078,Kyrgyz Republic,2015,-338111566.0,35.18960049,108.3019466,2.020910642,3.875825448,4050.0,19.0759449,-8.301946575,75.77197023,191800.0,70.65121951,5956900.0,2.2,16.80166806,3.346
1079,Kyrgyz Republic,2016,742880425.9,35.82540888,100.233577,0.590801945,4.335855917,4440.0,20.66987038,-0.233576973,69.99816514,191800.0,70.95121951,6079500.0,1.1,16.94917318,3.465
1090,Latvia,2007,-103813352.1,38.26159157,77.49040294,2.47759959,9.941921628,17700.0,15.93549919,22.50959706,57.31169394,62227.0,71.0195122,2200325.0,0.6,21.60938874,6.05
1091,Latvia,2008,472661314.4,39.25750458,77.39014769,0.9561754,-3.249120723,19320.0,16.40171814,22.60985231,51.91895078,62227.0,72.4195122,2177322.0,1.3,20.68250003,7.74
1092,Latvia,2009,1776953376.0,42.21403486,79.54777177,-0.733307643,-14.26014004,18210.0,14.69400215,20.45222823,44.19841823,62227.0,73.0804878,2141669.0,1.7,18.67103586,17.51
1093,Latvia,2010,-749044081.9,53.25837932,81.74410299,0.429222211,-4.45556726,17880.0,13.419631,18.25589701,55.34640131,62227.0,73.48292683,2097555.0,1.7,19.65781233,19.48
1094,Latvia,2011,-749753028.9,59.77989095,80.16666296,0.392464386,2.573712363,19230.0,14.20993614,19.83333704,65.71055524,62227.0,73.57560976,2059709.0,1.0,20.59910874,16.21
1095,Latvia,2012,-280843021.5,61.44375311,77.81961285,0.572609322,7.042247161,21140.0,14.74312019,22.18038715,66.7846886,62227.0,73.77804878,2034319.0,1.1,21.07577017,15.05
1096,Latvia,2013,-809096044.9,60.39517324,80.01770627,1.634950357,2.007966879,22590.0,14.94031239,19.98229373,64.76268198,62227.0,73.98292683,2012647.0,1.2,21.74880717,11.87
1097,Latvia,2014,-636048914.2,61.15472821,79.10711349,2.211558351,1.902172684,23850.0,15.18531513,20.89288651,64.12454485,62227.0,74.12439024,1993782.0,0.8,22.04827185,10.85
1098,Latvia,2015,-156530757.3,60.27538277,77.94350802,0.528367021,3.885260054,24860.0,15.2136879,22.05649198,62.02398197,62227.0,74.4804878,1977527.0,0.7,22.38843612,9.87
1099,Latvia,2016,-69337225.72,59.60708239,78.53166433,0.873683017,2.368614747,26680.0,14.79797173,21.46833567,59.30355073,62227.0,74.5804878,1959537.0,0.6,23.50389781,9.64
1104,Lebanon,2011,-6162839066.0,36.36309723,102.5673222,2.345886729,0.867339879,15040.0,5.733809948,-2.567322199,65.77678518,10230.0,78.404,5045056.0,0.0,16.37733291,7.308
1150,Lithuania,2007,2115664009.0,51.64121163,80.7950538,2.20458494,11.10748014,18350.0,14.13593292,19.2049462,64.7461763,62680.0,70.9,3231294.0,1.3,20.36935435,4.25
1151,Lithuania,2008,1356739086.0,57.62132699,83.48247112,1.160684776,2.614423033,20070.0,15.0595808,16.51752888,69.22776062,62675.0,71.81219512,3198231.0,1.4,20.48203392,5.83
1152,Lithuania,2009,-32331768.28,51.78930078,89.10317743,1.616798699,-14.83860837,18530.0,14.98082829,10.89682257,53.54947752,62675.0,72.91463415,3162916.0,2.2,17.0401288,13.79
1153,Lithuania,2010,1465252912.0,63.94235851,83.87696395,0.287741505,1.651240653,19960.0,13.969347,16.12303605,65.94502436,62675.0,73.26829268,3097282.0,1.5,15.96497347,17.81
1154,Lithuania,2011,2193460979.0,72.88100891,80.72273649,1.872910066,6.03900816,22220.0,13.13148403,19.27726351,75.5662102,62674.0,73.56341463,3028115.0,0.7,15.48237695,15.39
1155,Lithuania,2012,2146447287.0,78.22662823,79.62973721,0.982809018,3.843864749,23930.0,14.98808384,20.37026279,77.61653243,62674.0,73.86341463,2987773.0,0.9,15.52996015,13.36
1156,Lithuania,2013,3715641704.0,78.66857331,79.02388048,0.713312993,3.550072843,26130.0,14.74607182,20.97611952,77.21821756,62675.0,73.91463415,2957689.0,0.7,15.60121464,11.77
1157,Lithuania,2014,4811676776.0,72.27042519,78.55819875,1.124431362,3.537009879,27850.0,14.50097752,21.44180125,70.45121756,62650.0,74.51707317,2932367.0,1.3,15.83633785,10.7
1158,Lithuania,2015,2271127599.0,68.77764073,79.72727408,0.860703416,2.024583955,27790.0,14.43061733,20.27272592,69.77467659,62650.0,74.32195122,2904910.0,0.7,16.69486269,9.12
1159,Lithuania,2016,2076991902.0,67.58738306,80.07084211,2.120724421,2.518828273,29820.0,13.96282291,19.92915789,66.86647538,62642.0,74.67073171,2868231.0,1.3,16.93159775,7.86
1160,Luxembourg,2007,14311933533.0,169.5767055,48.81828371,138.1997602,8.098667607,72380.0,11.43879032,51.18171629,137.9083146,2574.46,79.38292683,479993.0,0.0,24.38034549,4.07
1161,Luxembourg,2008,11902664704.0,161.4947618,48.64431772,19.55357062,-0.300176194,71210.0,11.44385147,51.35568228,130.718719,2574.46,80.53902439,488650.0,0.0,23.55571077,5.06
1162,Luxembourg,2009,268831574.1,147.925083,51.49963472,15.18031417,-3.238954027,55400.0,11.4258337,48.50036528,115.6076185,2574.46,80.63658537,497783.0,0.0,23.83910852,5.12
1163,Luxembourg,2010,3941759417.0,162.7098571,50.16896913,41.36464792,3.760413593,61400.0,11.96700573,49.83103087,130.9620198,2574.46,80.63170732,506953.0,0.0,23.81784044,4.36
1164,Luxembourg,2011,4428612782.0,169.4891234,50.4674093,17.36862895,1.044298695,65490.0,12.07111073,49.5325907,139.2253304,2574.46,80.98780488,518347.0,0.1,23.98704785,4.9
1165,Luxembourg,2012,8359424202.0,171.2117881,50.61095204,-22.41228077,1.64990203,74230.0,12.15911198,49.38904796,140.5750471,2574.46,81.39268293,530946.0,0.0,24.42782715,5.14
1166,Luxembourg,2013,7177117486.0,176.3833309,49.62147177,71.50043382,3.171790499,72410.0,11.38404369,50.37852823,144.1501754,2574.46,81.8,543360.0,0.1,24.55226696,5.85
1167,Luxembourg,2014,8824439589.0,182.7825924,48.77008353,63.1069462,2.623086016,76490.0,11.2722311,51.22991647,150.6462608,2574.46,82.22926829,556319.0,0.1,24.74515711,5.85
1168,Luxembourg,2015,3790231718.0,191.835449,48.50259235,53.1356882,2.269784484,69410.0,11.0934515,51.49740765,159.2965253,2574.46,82.29268293,569604.0,0.3,23.32185937,6.67
1169,Luxembourg,2016,4984215460.0,191.0986337,48.30822863,-1.994378782,4.978190437,75120.0,10.89305115,51.69177137,157.3387756,2574.46,82.68536585,582014.0,0.1,23.76750967,6.29
1183,Madagascar,2010,497660581.3,21.87438052,87.09874066,0.436228786,0.619239745,1470.0,20.4021244,12.90125934,36.00051399,581540.0,62.873,21731053.0,80.2,8.535319118,4.28
1185,Madagascar,2012,167716512.6,21.7806921,88.92143842,0.314617008,3.011148116,1440.0,20.32579994,11.07856158,30.87102198,581795.0,63.544,22966240.0,80.7,8.368255543,0.6
1201,Malaysia,2008,54588448876.0,99.49957724,56.21099579,6.672113468,4.831769889,18830.0,14.03864002,43.78900421,77.16874754,328550.0,74.25,27664296.0,0.7,14.66295826,3.32
1204,Malaysia,2011,52892746470.0,85.25544211,61.23865211,6.077629327,5.293912834,20800.0,20.97702026,38.76134789,69.6822425,328550.0,74.746,29184133.0,0.1,14.79435317,3.05
1206,Malaysia,2013,40064511342.0,75.62904103,65.52590088,4.147602039,4.693722526,22190.0,19.45430946,34.47409912,67.09195043,328550.0,75.035,30134807.0,0.0,15.31023528,3.16
1208,Malaysia,2015,28542024824.0,69.4486909,67.04842746,3.498187031,5.091532422,23510.0,21.30448341,32.95157254,61.92138155,328550.0,75.094,31068833.0,0.0,14.05686213,3.1
1222,Mali,2009,993924824.1,21.71331369,84.99563751,-1.008307393,4.806322267,1600.0,16.95940971,15.00436249,28.80587924,1220190.0,55.874,15032635.0,48.2,12.97358284,1.438
1230,Malta,2007,77931143.26,129.2443126,80.27041491,184.7164952,4.774705802,23820.0,12.70658684,19.72958509,133.0727454,320.0,79.79268293,406724.0,0.4,62.50279458,6.47
1231,Malta,2008,593398086.4,148.4950533,79.69933026,177.7983905,3.826359166,26110.0,12.12974548,20.30066974,150.3230108,320.0,79.63658537,409379.0,0.1,25.80587595,5.98
1232,Malta,2009,157720351.9,147.022003,80.87420407,-70.160001,-1.133873655,25250.0,12.80683517,19.12579593,147.9280939,320.0,80.24146341,412477.0,0.4,26.01451094,6.89
1233,Malta,2010,491733591.4,150.9467412,77.6664671,36.84817442,5.543640011,27240.0,13.5540514,22.3335329,150.8899544,320.0,81.39756098,414508.0,0.2,25.31011882,6.85
1234,Malta,2011,453919620.7,160.5863392,80.84903104,-45.42131797,0.467050564,28290.0,13.45118237,19.15096896,159.1170777,320.0,80.74634146,416268.0,0.2,25.80812785,6.38
1235,Malta,2012,419550022.4,163.1199717,79.28109464,-87.23086034,4.117706376,28820.0,13.39125347,20.71890536,159.5564802,320.0,80.74634146,420028.0,0.1,25.69167313,6.2
1236,Malta,2013,826186501.7,155.9724344,76.20947708,-83.1246288,5.473355914,30690.0,13.61619759,23.79052292,148.3561901,320.0,81.74634146,425967.0,0.0,25.73815477,6.11
1237,Malta,2014,1468706775.0,149.8125151,72.35215645,-74.95407448,7.633538464,32560.0,13.32704258,27.64784355,137.828916,320.0,82.04634146,434558.0,0.0,25.99328619,5.72
1238,Malta,2015,1798444371.0,154.6181556,66.09374465,-59.43296991,9.608132348,35380.0,13.229743,33.90625535,144.8520026,320.0,81.89756098,445053.0,0.1,24.33835767,5.38
1239,Malta,2016,1539081955.0,157.8013429,64.15400363,-56.86380583,3.381450476,35820.0,14.11091518,35.84599637,145.209896,320.0,82.45365854,455356.0,0.1,25.22916354,4.69
1265,Mauritius,2012,-319659684.0,53.79216527,87.60651829,1.54572585,3.496118365,17790.0,15.94156742,12.39348171,65.70795451,1997.0,73.86341463,1255882.0,0.4,18.62170749,7.47
1271,Mexico,2008,93010336370.0,27.02006123,80.53393657,0.059234839,0.943331858,15570.0,17.38015938,19.46606343,29.34522065,1943950.0,74.152,109684489.0,6.0,9.578771529,3.87
1273,Mexico,2010,84110098105.0,29.01746011,81.81691048,1.618872861,4.971334562,15890.0,18.64258957,18.18308952,30.25592441,1943950.0,74.19,112532401.0,4.7,9.675317452,5.3
1275,Mexico,2012,89135823573.0,31.53945039,80.61167468,1.495868924,3.55321075,17790.0,18.08719063,19.38832532,32.7184815,1943950.0,74.574,115755909.0,4.2,9.352411063,4.89
1277,Mexico,2014,74835804900.0,31.4629922,82.56230012,0.409978312,2.503763503,18530.0,18.80594063,17.43769988,32.63541684,1943950.0,74.797,118755887.0,4.0,10.24285504,4.81
1279,Mexico,2016,57018397602.0,36.81567725,80.50425586,0.707554025,1.772493234,19700.0,17.93932915,19.49574414,38.87462616,1943950.0,74.412,121519221.0,2.3,13.12378561,3.85
1290,Moldova,2007,365894590.5,45.58047352,113.4532341,0.275381122,3.000000226,6030.0,19.07383156,-13.45323414,97.14006551,32890.0,68.947,2874299.0,1.0,20.56653565,2.75
1291,Moldova,2008,525510335.6,40.81874861,113.5554623,0.51578706,7.800000145,6660.0,19.93271446,-13.55546232,93.60285274,32890.0,69.394,2868833.0,1.0,20.44594895,2.1
1292,Moldova,2009,252001.5953,36.87212252,113.4771844,-0.087876786,-6.000000264,6100.0,20.74979019,-13.47718443,73.49120433,32890.0,69.573,2865213.0,0.7,17.68531332,3.02
1293,Moldova,2010,365087891.6,27.82961306,108.4268391,0.099785198,7.100000107,6790.0,22.43516922,-8.426839058,60.10823883,32850.0,69.357,2862354.0,0.4,15.16064072,2.97
1294,Moldova,2011,329636788.6,32.54045757,109.48801,0.424631628,5.818166147,7310.0,21.40068817,-9.488009968,66.07713896,32850.0,69.192,2860699.0,0.2,15.24032722,2.68
1295,Moldova,2012,647851580.7,31.13285054,109.8421894,0.305426301,-0.589733955,7960.0,20.84347534,-9.84218942,65.1735593,32860.0,69.143,2860324.0,0.1,15.59534634,2.19
1296,Moldova,2013,932701689.4,32.09261317,106.5638703,0.323901377,9.043865607,9070.0,18.23982048,-6.563870301,63.59468367,32880.0,69.099,2859558.0,0.0,15.469636,1.89
1297,Moldova,2014,952789240.1,31.52796356,107.3897942,0.43436941,4.999625854,9490.0,17.5889492,-7.38979419,62.70032841,32880.0,69.031,2857815.0,0.0,16.82879915,1.45
1298,Moldova,2015,250364439.3,31.80692179,101.2904812,0.093733657,-0.338235622,9850.0,18.18216896,-1.290481158,57.15949367,32880.0,69.24,2835978.0,0.0,16.29096809,1.78
1299,Moldova,2016,596607264.0,32.86649893,101.2848005,0.166991321,4.646014363,11100.0,17.66042328,-1.284800462,56.13818478,32880.0,69.917,2803186.0,0.1,16.43011832,1.59
1313,Mongolia,2010,1409020556.0,46.67898258,67.9051122,0.866907412,6.365161679,7020.0,16.81968307,32.0948878,56.67104907,1557292.418,67.182,2702520.0,1.1,19.59311925,6.55
1314,Mongolia,2011,2534025278.0,52.55355505,63.74139375,0.908399393,17.29077759,8260.0,13.89824867,36.25860625,74.44567359,1557251.947,67.439,2743938.0,0.9,18.46699109,4.77
1315,Mongolia,2012,2604445473.0,43.57215119,66.54564301,0.525960827,12.31981985,9550.0,15.89128304,33.45435699,66.01641314,1557251.946,68.111,2792349.0,0.5,15.31214218,3.9
1319,Mongolia,2016,326139858.2,50.87219406,76.68143918,0.129438472,1.489784487,9940.0,3.597220659,23.31856082,50.18304317,1557255.4,69.865,3029555.0,0.7,11.35099345,7.24
1368,Namibia,2015,602447721.6,35.37084841,95.9407227,0.920320568,4.264174538,10770.0,22.57133293,4.059277302,61.86818338,823290.0,60.7,2282704.0,15.6,33.42238687,20.752
1390,Netherlands,2007,96331519177.0,68.77545747,69.5574721,70.28599465,3.772842521,43460.0,12.04756832,30.4425279,61.68241355,33760.0,80.09756098,16381696.0,0.0,21.59520003,4.15
1391,Netherlands,2008,81540150531.0,69.79363348,69.14174642,28.63726043,2.170324851,44180.0,12.05630875,30.85825358,61.26625855,33760.0,80.25121951,16445593.0,0.1,21.14391577,3.65
1392,Netherlands,2009,54047957226.0,62.23701352,71.69428432,16.0949773,-3.666883937,42870.0,11.77988052,28.30571568,54.65253616,33730.0,80.54878049,16530388.0,0.1,20.94433473,4.35
1393,Netherlands,2010,74908188076.0,69.80367248,71.6931039,22.5970047,1.342739336,44640.0,11.70473385,28.3068961,61.71840166,33730.0,80.70243902,16615394.0,0.0,20.98619027,4.99
1394,Netherlands,2011,90577911021.0,75.50306831,71.42593552,41.05221944,1.551189312,46440.0,11.68305874,28.57406448,66.96870498,33720.0,81.20487805,16693074.0,0.1,20.22944251,4.98
1395,Netherlands,2012,75144332624.0,79.50337384,71.53695598,28.36252837,-1.030353991,46750.0,11.73690891,28.46304402,69.76504137,33720.0,81.10487805,16754962.0,0.1,19.40774864,5.82
1396,Netherlands,2013,77710503781.0,79.88047779,71.2783305,47.40819427,-0.130175288,48890.0,11.56219578,28.7216695,69.66885352,33690.0,81.30487805,16804432.0,0.1,19.69209479,7.24
1397,Netherlands,2014,83090950447.0,80.57790815,70.98531777,13.27253927,1.423395395,48740.0,11.7969799,29.01468223,69.47584728,33690.0,81.70731707,16865008.0,0.1,20.63642861,7.42
1398,Netherlands,2015,83479000215.0,82.65889671,70.02382581,51.37966148,1.959169721,49780.0,11.81862545,29.97617419,75.15767933,33670.0,81.5097561,16939923.0,0.1,21.16062422,6.87
1399,Netherlands,2016,85842815215.0,79.53516476,69.30077068,37.12606075,2.191713719,51020.0,12.08791256,30.69922932,69.32349997,33670.0,81.56097561,17030314.0,0.0,21.90511014,6.01
1427,Nicaragua,2014,1494536197.0,45.00766854,87.80264783,0.791216882,4.785170747,4700.0,23.04759979,12.19735217,61.69006138,120340.0,72.812,6208676.0,3.9,15.31626638,4.52
1470,Norway,2007,102201000000.0,42.95755313,58.95205184,5.693627721,2.914039986,56010.0,11.63830471,41.04794816,28.98447318,365244.0,80.39512195,4709153.0,0.1,28.08021781,2.49
1471,Norway,2008,128564000000.0,46.2181009,56.56600442,7.81344808,0.481919541,61800.0,11.520504,43.43399558,28.56717904,365244.0,80.59268293,4768212.0,0.2,27.7643981,2.55
1472,Norway,2009,74162022694.0,39.81014972,63.54844342,2.569253829,-1.940364695,55930.0,11.64663124,36.45155658,27.65416574,365244.0,80.79512195,4828726.0,0.1,25.84735411,3.1
1473,Norway,2010,88483928228.0,40.15032907,62.950328,6.946268485,0.787051845,58850.0,11.58888817,37.049672,28.08919029,365244.0,80.99756098,4889252.0,0.2,26.74376696,3.52
1474,Norway,2011,114306000000.0,41.66126617,60.83018468,2.592185044,1.105656027,63060.0,11.35631466,39.16981532,27.93746746,365244.0,81.29512195,4953088.0,0.1,27.5519417,3.21
1475,Norway,2012,119875000000.0,41.28706485,60.0522882,5.33707954,2.717959267,66330.0,11.28047466,39.9477118,27.21148798,365244.0,81.45121951,5018573.0,0.1,26.87254323,3.12
1476,Norway,2013,117407000000.0,39.86130953,60.9225537,2.274128537,1.016190824,68090.0,11.05029488,39.0774463,28.11148306,365122.96,81.75121951,5079623.0,0.1,25.01013644,3.42
1477,Norway,2014,110054000000.0,39.72767204,62.47207266,4.597290141,2.048131999,68420.0,11.07841969,37.52792734,29.40970518,365108.0,82.1,5137232.0,0.1,23.41203172,3.48
1478,Norway,2015,68484653238.0,38.57518873,66.36266953,5.518731128,1.857339726,63250.0,11.09468174,33.63733047,31.85666781,365190.7,82.30487805,5188607.0,0.2,22.08854882,4.3
1479,Norway,2016,52343048831.0,35.93817143,69.51414217,1.767244455,1.164724235,61860.0,10.96765995,30.48585783,33.17867097,365145.73,82.40731707,5234519.0,0.3,21.96037593,4.68
1517,Panama,2014,11024406488.0,55.35742187,64.0671135,1.712291723,5.066422339,21800.0,7.867073059,35.9328865,63.73318857,74120.0,77.248,3888793.0,2.9,10.26004682,4.419
1518,Panama,2015,13887788069.0,47.68486166,61.81066261,2.120839018,5.733054309,24700.0,7.864062786,38.18933739,52.25154275,74120.0,77.468,3957099.0,1.5,10.10160612,4.368
1519,Panama,2016,13530489551.0,41.97300186,62.96312926,1.193497955,4.953211471,26930.0,8.187843323,37.03687074,45.43540842,74120.0,77.653,4026336.0,1.5,10.37754165,4.759
1530,Paraguay,2007,3076251441.0,43.37492916,70.926711,-0.544902874,5.421622872,8620.0,28.67876053,29.073289,35.62620826,397300.0,71.106,5590145.0,7.8,7.837877891,4.71
1533,Paraguay,2010,4094276843.0,42.13984163,73.14288168,0.52480708,11.09523127,10270.0,28.1095295,26.85711832,39.11768175,397300.0,71.887,5768613.0,5.5,8.871213476,4.57
1534,Paraguay,2011,5292024906.0,40.23885967,73.3528345,-0.031614331,4.286371207,10900.0,33.79315948,26.6471655,38.25326418,397300.0,72.131,5843939.0,5.0,9.366835103,4.67
1535,Paraguay,2012,3638067835.0,37.9955192,77.50970773,-0.272495485,-0.708043112,10390.0,27.60157967,22.49029227,36.76943826,397300.0,72.454,5923322.0,3.3,9.457778351,4.09
1539,Paraguay,2016,6799974330.0,37.14323291,73.66667547,0.804591236,4.268025833,12550.0,26.88433075,26.33332453,30.61608233,397300.0,73.534,6266615.0,1.7,9.559063337,5.25
1540,Peru,2007,20472713945.0,31.52211653,70.6114929,0.064183559,8.518387769,7350.0,14.14177036,29.3885071,24.16599675,1280000.0,73.223,28600387.0,13.2,16.40746835,4.08
1541,Peru,2008,22472548031.0,29.72763021,72.80016103,0.610365798,9.126568301,8190.0,14.38191032,27.19983897,28.70613718,1280000.0,73.377,28806185.0,10.9,16.51217092,4.03
1542,Peru,2009,19157837018.0,26.44205274,75.24914616,0.339929522,1.095823659,8330.0,14.59630966,24.75085384,21.66987688,1280000.0,73.466,29009326.0,8.8,14.45652681,3.96
1543,Peru,2010,26553688557.0,27.82616415,72.25997159,0.295721214,8.332459107,8950.0,13.55558014,27.74002841,23.84664478,1280000.0,73.711,29229572.0,6.8,15.46657176,3.6
1544,Peru,2011,33077446604.0,30.50275976,70.78188517,0.199458596,6.327192402,9630.0,13.55255032,29.21811483,25.48552053,1280000.0,74.133,29477721.0,6.5,15.96889515,3.48
1545,Peru,2012,34320850953.0,27.44961437,73.11461021,1.198227069,6.139724706,10010.0,14.36907005,26.88538979,25.17028089,1280000.0,74.544,29749589.0,6.1,16.5466871,3.24
1546,Peru,2013,32965079398.0,24.80829942,74.59636174,0.117777803,5.852518211,10620.0,15.22387981,25.40363826,24.97884303,1280000.0,74.967,30038809.0,5.4,16.43300669,3.57
1547,Peru,2014,28422180858.0,22.60697038,76.97305983,0.416834554,2.382157372,10890.0,16.21989059,23.02694017,24.24615072,1280000.0,75.333,30353951.0,4.8,16.72092668,3.21
1548,Peru,2015,24195211771.0,21.28732529,78.28300376,-0.349180825,3.252244772,11090.0,17.57485962,21.71699624,23.8754434,1280000.0,75.621,30711863.0,4.7,14.91965132,3.27
1549,Peru,2016,22771974124.0,22.60031374,78.16690033,0.795339169,3.953318715,11440.0,17.87010002,21.83309967,22.78852746,1280000.0,75.789,31132779.0,4.6,13.78754764,3.74
1552,Philippines,2009,47422886822.0,30.2195256,83.01581839,1.078069311,1.448323063,5840.0,13.21115971,16.98418161,30.66706519,298170.0,70.633,92946951.0,11.3,11.69893557,3.86
1558,Philippines,2015,80319977928.0,27.20805724,83.38452975,1.807661946,6.348309715,7940.0,18.82684517,16.61547025,31.93353487,298170.0,71.268,103031365.0,6.5,13.01961059,3.07
1560,Poland,2007,23359074175.0,38.51628789,78.60325994,1.76821282,7.061534634,16230.0,13.27208996,21.39674006,42.31516756,306320.0,75.24390244,38120560.0,0.5,18.08653079,9.6
1561,Poland,2008,28770175806.0,37.81486981,80.62689653,0.874438142,4.199981264,17920.0,12.76069355,19.37310347,43.09089113,306300.0,75.54390244,38125759.0,0.2,18.26736913,7.12
1562,Poland,2009,19796218411.0,37.14225324,80.42324302,1.348777333,2.832184053,18640.0,12.0212307,19.57675698,38.12554436,306280.0,75.69512195,38151603.0,0.4,16.0518941,8.17
1563,Poland,2010,18351140692.0,40.0913852,81.39326867,2.02082582,2.934638181,20190.0,12.08153534,18.60673133,42.46183685,306280.0,76.24634146,38042794.0,0.3,16.62097872,9.64
1564,Poland,2011,31701257207.0,42.57386359,79.68320867,0.910037174,5.042187883,21850.0,12.31050396,20.31679133,44.71000701,306230.0,76.69512195,38063255.0,0.3,16.78013132,9.63
1565,Poland,2012,25871856277.0,44.27827441,79.74247538,0.32691846,1.545221571,22690.0,12.48447418,20.25752462,44.98936282,306220.0,76.74634146,38063164.0,0.2,16.09956726,10.09
1566,Poland,2013,26441003822.0,45.98092417,79.51673674,-0.603960795,0.856557081,23440.0,12.33808899,20.48326326,44.79843889,306210.0,77.0,38040196.0,0.4,15.74773975,10.33
1567,Poland,2014,31547687298.0,46.48878717,78.61653157,1.248236638,3.836958494,24350.0,12.39022732,21.38346843,46.07986113,306190.0,77.60243902,38011735.0,0.4,15.71572054,8.99
1568,Poland,2015,36049845757.0,47.4503064,76.93462947,1.052165423,4.383298635,25820.0,12.65546703,23.06537053,45.36848245,306190.0,77.45121951,37986412.0,0.4,15.70990024,7.5
1569,Poland,2016,33436724884.0,50.26831894,76.78092818,2.977291231,2.953508842,27070.0,12.07192135,23.21907182,47.27161863,306190.0,77.85121951,37970087.0,0.2,16.32059054,6.16
1570,Portugal,2007,-5790962269.0,31.19418457,84.4578622,4.390530447,2.506579646,25000.0,13.30881977,15.5421378,38.75193301,91470.0,78.32195122,10542964.0,0.3,21.34729712,7.97
1571,Portugal,2008,-13325340063.0,31.26107908,85.9740916,2.117825919,0.319247925,25770.0,13.27291012,14.0259084,40.81466384,91470.0,78.52439024,10558177.0,0.1,21.04682674,7.55
1572,Portugal,2009,-14493299336.0,27.29374272,86.06270061,1.485861752,-3.12207942,25570.0,13.020257,13.93729939,34.19895081,91590.0,78.72682927,10568247.0,0.2,19.0577021,9.43
1573,Portugal,2010,-15153452645.0,30.06930892,86.51867659,-1.401632515,1.737625476,26390.0,12.97275257,13.48132341,37.71398653,91590.0,79.02682927,10573100.0,0.1,19.64280941,10.77
1574,Portugal,2011,-10454347292.0,34.4548616,85.59207798,6.430504431,-1.696164781,26340.0,12.24807644,14.40792202,38.6446824,91590.0,80.47073171,10557560.0,0.5,21.13333912,12.68
1575,Portugal,2012,-8940562703.0,37.77801482,84.79286166,2.103034249,-4.057293608,25810.0,11.01577759,15.20713834,38.27282405,91590.0,80.37317073,10514844.0,0.7,20.7701624,15.53
1576,Portugal,2013,-3985694626.0,39.60650497,84.26930549,3.132045391,-0.922644675,27560.0,10.97400284,15.73069451,38.50792965,91605.2,80.72195122,10457295.0,0.9,22.66209209,16.19
1577,Portugal,2014,-5733475901.0,40.215968,84.53375375,1.490407598,0.792190302,28150.0,10.27315998,15.46624625,40.06633987,91605.6,81.12195122,10401062.0,0.5,22.64739907,13.9
1578,Portugal,2015,-3184051711.0,40.61511545,83.40534151,-0.559976169,1.792046046,28870.0,10.54351521,16.59465849,39.87577894,91605.6,81.12439024,10358076.0,0.5,22.78871911,12.45
1579,Portugal,2016,-1871529166.0,40.21082364,83.02005786,1.544538979,2.019485396,30840.0,10.64693069,16.97994214,39.06340599,91605.6,81.12439024,10325452.0,0.4,22.33199325,11.07
1600,Romania,2007,1400410352.0,24.71082905,82.74647978,0.38150732,7.233807744,13260.0,10.27267647,17.25352022,38.79432762,229890.0,72.56585366,20882982.0,5.3,17.53952573,6.41
1601,Romania,2008,15562253019.0,26.15534462,79.77095207,0.146046587,9.307467171,16410.0,11.33913136,20.22904793,39.01947004,229900.0,72.56585366,20537875.0,4.1,16.78534499,5.79
1602,Romania,2009,10812527322.0,26.02361223,79.22937217,0.007770737,-5.517394408,16420.0,9.569327354,20.77062783,32.44922154,230060.0,73.3097561,20367487.0,3.1,15.27283015,6.86
1603,Romania,2010,7512405791.0,31.67379278,79.48274066,0.138563738,-3.90123628,17150.0,8.235834122,20.51725934,38.15943885,230050.0,73.45853659,20246871.0,4.2,16.24268072,6.96
1604,Romania,2011,8380329559.0,35.26839853,77.93077798,0.029503723,4.517086964,18570.0,10.30937481,22.06922202,40.8742083,230170.0,74.4097561,20147528.0,5.4,17.21630311,7.18
1605,Romania,2012,6194664116.0,35.75151943,78.45632655,-0.115806968,1.924993262,19480.0,7.887511253,21.54367345,40.78771392,230020.0,74.41219512,20058035.0,6.2,17.15721394,6.79
1606,Romania,2013,11302341719.0,40.24734529,75.63440573,-0.031892266,0.269963879,19390.0,7.843441963,24.36559427,41.15427589,230030.0,75.06341463,19983693.0,6.6,17.76146056,7.1
1607,Romania,2014,12430742483.0,41.47848541,75.44558307,0.134796285,4.120674963,20540.0,8.429804802,24.55441693,41.90022252,230080.0,74.9097561,19908979.0,7.0,17.93983163,6.8
1608,Romania,2015,11892480429.0,41.34948374,75.30050091,0.579185519,3.16050387,21400.0,8.501272202,24.69949909,42.17167904,230080.0,74.91219512,19815616.0,5.3,18.918309,6.81
1609,Romania,2016,7419162012.0,42.4170514,77.31904264,0.677737698,2.857546057,23580.0,9.59609127,22.68095736,43.47692724,230080.0,75.2097561,19702267.0,3.2,17.1121252,5.9
1611,Russian Federation,2008,340126000000.0,31.30956033,66.72868822,3.35145709,5.199969264,19600.0,9.31381321,33.27131178,22.07290571,16376870.0,67.94926829,142742366.0,0.1,15.81806782,6.21
1612,Russian Federation,2009,115879000000.0,27.9381012,75.42308126,3.539906362,-7.799993913,18760.0,10.02642918,24.57691874,20.49695982,16376870.0,68.68463415,142785349.0,0.1,12.95635241,8.3
1613,Russian Federation,2010,246298000000.0,29.21556078,70.21296539,3.450435652,4.499999999,19860.0,9.771665573,29.78703461,21.1399447,16376870.0,68.84121951,142849468.0,0.1,13.04834885,7.37
1614,Russian Federation,2011,398785000000.0,28.05536148,68.01044682,3.267512905,4.300029186,22130.0,9.631156921,31.98955318,19.98003793,16376870.0,69.68390244,142960908.0,0.0,13.95420368,6.54
1615,Russian Federation,2012,380394000000.0,26.90732034,69.41415553,2.210866391,4.024086157,23560.0,9.504323006,30.58584447,20.24407005,16376870.0,70.07219512,143201721.0,0.0,13.75467304,5.44
1616,Russian Federation,2013,307526000000.0,25.84533683,71.84092226,3.773507485,1.755422149,25170.0,10.00205421,28.15907774,20.44181257,16376870.0,70.57878049,143506995.0,0.0,12.93349245,5.46
1617,Russian Federation,2014,266810000000.0,27.11109705,71.79033279,2.772000152,0.736267222,24910.0,9.165413857,28.20966721,20.69024421,16376870.0,70.74365854,143819667.0,0.0,13.2553613,5.16
1618,Russian Federation,2015,186518000000.0,28.70338944,70.44521793,1.61975494,-1.972719226,23420.0,2.195997238,29.55478207,20.65595987,16376870.0,71.18341463,144096870.0,0.0,10.64209481,5.57
1619,Russian Federation,2016,146782000000.0,25.85448298,71.71373141,1.747694905,0.193690071,23460.0,9.594144821,28.28626859,20.66363686,16376870.0,71.65121951,144342397.0,0.0,9.1831221,5.56
1629,Rwanda,2016,-26034693.84,15.42039038,92.7296898,0.549174106,5.970756204,1790.0,12.27838993,7.270310199,34.05997727,24670.0,65.737,11930899.0,52.0,14.41482742,11.799
1685,Serbia,2012,-1484607979.0,35.84480698,94.51218838,0.755521023,-0.681542369,13470.0,9.227009773,5.487811616,49.62602012,87460.0,74.83658537,7199077.0,5.3,18.55250021,24.0
1687,Serbia,2014,29586249.7,42.07752896,91.55387084,0.745223315,-1.58951032,14100.0,8.763999939,8.446129158,50.15388957,87460.0,75.33658537,7130576.0,6.9,21.9701414,19.22
1688,Serbia,2015,1383471908.0,45.1772418,88.36025897,0.868170296,1.806059265,14230.0,8.87635994,11.63974103,52.21852485,87460.0,75.28780488,7095383.0,6.6,22.35521329,17.66
1689,Serbia,2016,1376986846.0,48.51709354,86.74771491,0.620218397,3.338586765,14980.0,8.692990303,13.25228509,53.34293142,87460.0,75.68780488,7058322.0,6.4,23.28991506,15.26
1730,Slovak Republic,2007,5922465026.0,83.38086142,71.36228457,1.898636354,10.83202881,20640.0,10.03374958,28.63771543,82.94869151,48100.0,74.20731707,5374622.0,0.4,16.74890053,11.16
1731,Slovak Republic,2008,5678697078.0,80.14799535,73.36080369,0.519282394,5.574886345,23320.0,9.9616642,26.63919631,81.92286125,48100.0,74.70487805,5379233.0,0.4,16.44580869,9.51
1732,Slovak Republic,2009,-1026712986.0,68.03611809,79.66553169,2.789406979,-5.455532867,22960.0,10.0805254,20.33446831,68.20457293,48090.0,74.9097561,5386406.0,0.4,15.52330827,12.02
1733,Slovak Republic,2010,2822904170.0,76.56147252,75.84184134,1.359923221,6.71663275,24870.0,10.73632717,24.15815866,76.89257871,48091.0,75.11219512,5391428.0,0.5,15.00358024,14.39
1734,Slovak Republic,2011,4096905083.0,84.33828167,73.59892506,2.700058745,2.671452779,25350.0,10.32200146,26.40107494,83.65589367,48088.0,75.95853659,5398384.0,0.4,15.96944891,13.63
1735,Slovak Republic,2012,5239808575.0,90.83140784,73.77682439,-1.302226031,1.318802246,26540.0,9.770545959,26.22317561,85.33506998,48088.0,76.1097561,5407579.0,0.4,15.51610629,13.97
1736,Slovak Republic,2013,5880584608.0,93.44200586,73.47234383,1.290461846,0.632740007,27810.0,9.713875771,26.52765617,87.90867729,48088.0,76.41219512,5413393.0,0.3,16.69272489,14.23
1737,Slovak Republic,2014,6349703278.0,91.40007997,73.36986476,0.275257196,2.697189807,28700.0,9.331773758,26.63013524,86.63341677,48080.0,76.81219512,5418649.0,0.7,17.43578416,11.54
1738,Slovak Republic,2015,5884360114.0,91.60047429,72.35999834,1.595364782,5.167181606,29320.0,9.12630558,27.64000166,88.58755769,48082.0,76.56341463,5423801.0,0.7,18.10789795,11.49
1739,Slovak Republic,2016,4190782743.0,93.4660455,73.83171052,4.528642816,1.943950861,28950.0,9.054621696,26.16828948,90.56739997,48080.0,77.16585366,5430798.0,1.4,18.09177304,9.68
1740,Slovenia,2007,5190176886.0,67.89907159,68.28241848,4.609846336,6.980160755,26940.0,13.52918053,31.71758152,69.22807664,20140.0,78.56097561,2018122.0,0.0,20.07475112,4.87
1741,Slovenia,2008,5306273680.0,66.31325282,69.2192824,2.388405009,3.509841517,28830.0,13.40433311,30.7807176,68.41826879,20146.2,78.76585366,2021316.0,0.0,19.40795922,4.41
1742,Slovenia,2009,1502588006.0,57.26428852,75.14199932,0.672372218,-7.548437791,27080.0,13.42466736,24.85800068,55.85758316,20145.8,78.97073171,2039669.0,0.0,17.99715112,5.89
1743,Slovenia,2010,964978753.9,64.2748226,76.58019384,0.413935423,1.343748472,27450.0,12.88875008,23.41980616,63.21665803,20146.2,79.42195122,2048583.0,0.0,18.05730237,7.26
1744,Slovenia,2011,799116673.6,70.24714581,77.09356236,-0.027179786,0.861327733,28540.0,12.56480694,22.90643764,69.03076047,20146.0,79.97073171,2052843.0,0.0,17.83916427,8.2
1745,Slovenia,2012,-329415076.7,72.89158893,77.84198624,-1.215630199,-2.639438757,28590.0,12.93512249,22.15801376,69.49284192,20145.7,80.12439024,2057159.0,0.0,17.86731691,8.88
1746,Slovenia,2013,377085093.2,74.21647517,75.73679924,0.066269872,-1.029282772,29570.0,10.66393566,24.26320076,69.53987884,20140.0,80.32195122,2059953.0,0.0,17.89986941,10.14
1747,Slovenia,2014,1869102514.0,76.15174214,73.87223865,0.42535515,2.768158831,30590.0,11.73853683,26.12776135,69.39800807,20140.0,81.07804878,2061980.0,0.0,18.16881795,9.72
1748,Slovenia,2015,1087057114.0,77.14867826,72.83482222,0.755771771,2.210081607,30650.0,11.45901203,27.16517778,69.14717844,20142.6,80.77560976,2063531.0,0.0,18.49388308,9.0
1749,Slovenia,2016,1542001438.0,77.59816683,73.03457339,1.066822549,3.191852518,33080.0,11.99892521,26.96542661,69.0596077,20142.0,81.17560976,2065042.0,0.0,18.60665782,8.02
1771,South Africa,2008,9632434804.0,32.25467367,80.1097298,-0.670475566,3.191043886,12300.0,18.54537582,19.8902702,33.71985013,1213090.0,56.022,50565812.0,18.7,24.32280987,19.51
1773,South Africa,2010,16505886542.0,25.78341763,80.36355307,-0.038645716,3.039732881,12520.0,17.23495674,19.63644693,24.62266954,1213090.0,58.899,51784921.0,18.0,22.52060388,23.18
1777,South Africa,2014,-467664888.8,29.0006193,83.01037273,2.017864558,1.413826452,13220.0,16.35124969,16.98962727,30.49895475,1213090.0,63.38,54729551.0,20.5,24.43193422,22.61
1795,Spain,2012,33674701790.0,31.45511995,79.49925517,-0.190235523,-2.958922132,31470.0,8.558403015,20.50074483,29.38995484,500210.0,82.42682927,46773055.0,0.9,11.76292595,24.79
1796,Spain,2013,45080501815.0,32.95195248,78.86226495,2.442487065,-1.403341868,32230.0,8.975120544,21.13773505,29.02436324,500210.0,83.07804878,46620045.0,1.1,13.61174985,26.09
1797,Spain,2014,50054159981.0,33.46797623,79.00810375,3.347134027,1.395775367,33420.0,9.173282623,20.99189625,30.37028572,500210.0,83.22926829,46480882.0,0.8,14.13527689,24.44
1798,Spain,2015,64116112375.0,33.61086067,77.97405045,4.709878427,3.838518877,34910.0,9.414457321,22.02594955,30.57234448,499661.0,82.83170732,46444832.0,0.9,14.19962304,22.06
1799,Spain,2016,79290615584.0,33.8624576,77.27140575,4.591502748,3.037774142,37400.0,9.660429955,22.72859425,29.87742503,499564.0,83.32926829,46484062.0,1.1,13.78878699,19.64
1802,Sri Lanka,2009,7625538264.0,21.32836624,82.05852262,0.047544082,3.538912053,7600.0,8.2707901,17.94147738,27.82077529,62710.0,69.187,20482477.0,3.5,12.80032048,5.85
1809,Sri Lanka,2016,24259518961.0,19.82403604,70.37042048,0.269062602,5.053624893,12600.0,17.72875977,29.62957952,26.64750098,61893.0,75.331,21425494.0,1.3,11.42348977,4.24
1870,Sweden,2007,83415075350.0,47.61026035,69.06006063,11.37731048,3.439221776,42140.0,12.69897175,30.93993937,41.55182187,407339.7,80.9,9148092.0,0.4,28.50704068,6.16
1871,Sweden,2008,81379936881.0,49.08692292,69.79960161,6.71512277,-0.450559257,43610.0,12.79947948,30.20039839,43.47722751,407339.7,81.1,9219637.0,0.6,27.47193716,6.23
1872,Sweden,2009,42223195605.0,43.4539788,73.56426662,6.064739621,-4.339790575,41220.0,12.80871296,26.43573338,38.05487723,407339.7,81.35121951,9298515.0,0.5,27.23353846,8.35
1873,Sweden,2010,60872891330.0,44.67885295,71.92863405,4.461933075,5.952107008,43360.0,12.72136021,28.07136595,39.56952424,407339.7,81.45121951,9378126.0,0.5,27.39951886,8.61
1874,Sweden,2011,71654168222.0,45.27119119,71.41437349,4.141132201,3.195333235,45520.0,12.72053337,28.58562651,40.51983621,407339.7,81.80243902,9449213.0,0.6,26.6327334,7.8
1875,Sweden,2012,59220520381.0,45.02752542,72.6359747,3.166642834,-0.588304569,46470.0,12.63294601,27.3640253,40.25472565,407339.7,81.70487805,9519374.0,0.5,26.30391073,7.98
1876,Sweden,2013,61052196992.0,42.52680913,73.23892116,4.753094712,1.187775716,47350.0,12.54472065,26.76107884,38.28885614,407339.7,81.95609756,9600379.0,0.7,26.46754063,8.05
1877,Sweden,2014,62120195336.0,43.26616125,72.89709046,-0.653835674,2.657798275,48180.0,12.83796406,27.10290954,39.66737045,407339.7,82.25365854,9696110.0,0.5,26.51489081,7.95
1878,Sweden,2015,55066794242.0,43.76676752,71.76158968,2.949918539,4.489281588,49520.0,13.01767349,28.23841032,39.95704699,407310.64,82.20487805,9799186.0,0.6,27.13684171,7.43
1879,Sweden,2016,54287909384.0,42.69147827,72.2223015,0.24668266,2.070593151,50740.0,13.33788776,27.7776985,39.62916682,407310.64,82.30731707,9923085.0,0.3,28.1205047,6.99
1880,Switzerland,2007,68877334189.0,61.55281455,63.43741424,13.7096512,3.916375818,51130.0,15.23476887,36.56258576,51.77904322,39515.02,81.74146341,7551117.0,0.0,9.06562377,3.64
1881,Switzerland,2008,36997251181.0,63.12931869,63.10733638,5.338594518,2.807983632,50260.0,15.22962379,36.89266362,53.64868145,39514.422,81.99268293,7647675.0,0.1,9.587141895,3.35
1882,Switzerland,2009,61749217439.0,58.00966904,65.41465703,8.066234947,-2.297374631,53740.0,15.28873444,34.58534297,51.76631556,39513.824,82.04390244,7743831.0,0.0,9.348527987,4.11
1883,Switzerland,2010,100168000000.0,64.83762801,64.49430806,12.37456421,3.243397336,57260.0,15.17560768,35.50569194,55.22749526,39513.225,82.24634146,7824909.0,0.0,9.364008039,4.81
1884,Switzerland,2011,91482236800.0,66.44992365,64.16400713,6.052876517,1.813108192,57830.0,15.34310436,35.83599287,59.10634951,39512.626,82.69512195,7912398.0,0.0,9.321952188,4.41
1885,Switzerland,2012,98645903796.0,67.77737305,64.23888535,7.910428822,1.179253833,60440.0,15.3788662,35.76111465,58.67648741,39512.028,82.69756098,7996861.0,0.0,9.169074742,4.49
1886,Switzerland,2013,95266371744.0,72.06821362,64.40234722,1.776539792,1.792144057,62660.0,15.06401539,35.59765278,61.62549479,39511.428,82.79756098,8089346.0,0.0,9.256214099,4.75
1887,Switzerland,2014,82117814650.0,65.33727012,63.98568724,1.576579934,2.349881275,63350.0,15.25395203,36.01431276,54.87615325,39510.829,83.19756098,8188649.0,0.0,9.087339532,4.83
1888,Switzerland,2015,90169334257.0,63.82895575,64.40570743,18.17196169,1.644627687,65920.0,15.38497066,35.59429257,53.30952646,39510.23,82.89756098,8282396.0,0.0,9.556179017,4.8
1889,Switzerland,2016,80736087688.0,66.81772593,64.36854412,26.62424988,2.068689667,66960.0,15.35782146,35.63145588,56.74819859,39509.63,83.60243902,8373338.0,0.0,9.404603141,4.92
1926,Thailand,2013,46575558088.0,67.17114107,68.91573452,2.883779237,2.687495563,14130.0,17.07395935,31.08426548,65.2911331,510890.0,77.083,69578602.0,0.1,17.0125248,0.25
1927,Thailand,2014,43786093112.0,68.39413516,69.51257507,1.40957646,0.984468864,14360.0,16.89937592,30.48742493,62.51136028,510890.0,77.415,69960943.0,0.1,15.80833907,0.58
1928,Thailand,2015,44071947623.0,67.63669027,68.46585435,1.243732276,3.134047249,14670.0,17.05779266,31.53414565,57.20297188,510890.0,77.717,70294397.0,0.0,16.14061659,0.6
1929,Thailand,2016,53826380951.0,67.07088397,66.87463765,3.239895788,3.435157717,15470.0,17.31389999,33.12536235,53.50434332,510890.0,78.049,70607037.0,0.0,15.36208784,0.69
1937,Timor-Leste,2014,1452262205.0,4.571799014,130.4447726,0.875050684,4.472498466,6220.0,8.278167725,-30.4447726,78.16397833,14870.0,66.787,1184830.0,24.4,62.79066644,4.228
1944,Togo,2011,313359613.5,31.4946443,94.83872255,23.35123197,5.823252239,1730.0,16.90378952,5.161277446,46.23766836,54390.0,57.925,6748672.0,58.9,11.40523857,1.98
1948,Togo,2015,580617853.4,26.71062987,90.52186297,6.05778539,5.468031293,1930.0,16.2116394,9.478137029,42.41750801,54390.0,59.396,7473229.0,54.7,13.76871861,2.2
1973,Tunisia,2010,3079201322.0,47.95972869,78.285523,0.160267556,2.971132751,9960.0,24.84683037,21.714477,52.19128114,155360.0,75.421,10895063.0,1.5,19.19975083,13.05
2029,Uganda,2016,4157667855.0,12.42716442,79.13503868,0.000497869,4.781000293,2100.0,12.46916962,20.86496132,18.78219761,200520.0,61.648,38748299.0,42.9,11.11956297,3.149
2030,Ukraine,2007,9821000330.0,41.28991114,77.68557301,0.655533307,8.215844452,8600.0,14.01394081,22.31442699,46.75664953,579330.0,68.22219512,46509355.0,0.1,15.81795379,6.35
2031,Ukraine,2008,6167164573.0,43.25986886,80.25956305,0.423687388,2.243491596,8940.0,14.13898563,19.74043695,50.91202329,579320.0,68.25146341,46258189.0,0.0,17.09171786,6.36
2032,Ukraine,2009,-4441671896.0,42.9288247,84.55010443,0.094609595,-15.13646791,7640.0,15.1279726,15.44989557,44.54733792,579320.0,69.19,46053331.0,0.1,15.78923638,8.84
2033,Ukraine,2010,-535537475.3,46.45653833,84.4442858,0.490053159,4.092004367,8240.0,15.23395824,15.5557142,49.27319213,579320.0,70.26536585,45870741.0,0.0,14.99750577,8.1
2034,Ukraine,2011,-2944030946.0,49.40615693,85.54875635,0.113385491,5.44528081,8790.0,14.6379528,14.45124365,55.39891697,579320.0,70.80926829,45706086.0,0.0,17.84004927,7.85
2035,Ukraine,2012,-857687898.9,47.38283156,88.24244601,0.536716461,0.152314967,9600.0,14.92900562,11.75755399,55.2399568,579320.0,70.94414634,45593342.0,0.1,17.63331542,7.53
2036,Ukraine,2013,-10111227699.0,42.89738267,91.78114309,0.225723193,0.045439094,10950.0,15.14117718,8.218856906,51.10428678,579320.0,71.1595122,45489648.0,0.0,16.89868434,7.17
2037,Ukraine,2014,-3277578748.0,48.59296182,90.10936314,0.410474986,-10.07889498,10620.0,14.08827209,9.890636865,52.09882067,579290.0,71.18658537,45272155.0,0.0,17.29434784,9.27
2038,Ukraine,2015,8228515571.0,52.59767951,86.67794125,0.041744036,-9.772987213,10590.0,13.48008823,13.32205875,55.20893679,579290.0,71.1895122,45154036.0,0.1,20.45136542,9.14
2039,Ukraine,2016,6150783984.0,49.29861946,85.19980364,0.185312398,2.440981945,11260.0,13.43158436,14.80019636,56.22258546,579290.0,71.47634146,45004673.0,0.1,19.63011981,9.35
2050,United Kingdom,2007,34622058097.0,25.51156032,83.29626961,11.98492326,2.620331222,35200.0,13.80715084,16.70373039,27.45279312,241930.0,79.44878049,61322463.0,0.2,25.99471591,5.26
2051,United Kingdom,2008,-19302556936.0,27.50596135,84.09243223,12.17637859,-0.225726975,36260.0,13.04262924,15.90756777,29.19264558,241930.0,79.6,61806995.0,0.2,26.45789408,5.62
2052,United Kingdom,2009,-81203057987.0,26.88155103,86.27539221,-2.005848435,-4.614957402,34730.0,13.14845181,13.72460779,28.122833,241930.0,80.05121951,62276270.0,0.2,24.17287684,7.54
2053,United Kingdom,2010,-33389379344.0,28.85674267,85.3830741,2.189009626,2.238688634,36500.0,13.24319553,14.6169259,30.4160323,241930.0,80.40243902,62766365.0,0.2,25.27327356,7.79
2054,United Kingdom,2011,-15580575743.0,31.38759406,84.8606692,3.034515618,1.145101541,37380.0,12.72901058,15.1393308,32.17780692,241930.0,80.95121951,63258810.0,0.2,25.82422606,8.04
2055,United Kingdom,2012,-57781446411.0,30.61856843,84.92864916,0.444150056,1.512936749,37990.0,12.27447224,15.07135084,31.6074143,241930.0,80.90487805,63700215.0,0.2,25.08719361,7.88
2056,United Kingdom,2013,-79849684849.0,30.28942477,84.86005925,1.660802198,1.792322216,39250.0,12.12878227,15.13994075,31.70968714,241930.0,81.00487805,64128273.0,0.2,25.12011883,7.52
2057,United Kingdom,2014,-59345379591.0,28.57621473,84.22465549,-3.71700461,3.195782466,40540.0,12.36159229,15.77534451,30.51858939,241930.0,81.30487805,64602298.0,0.2,24.86520907,6.11
2058,United Kingdom,2015,-51668494884.0,27.84595067,83.64226375,-2.055288345,2.220258322,41570.0,12.29491901,16.35773625,29.35759902,241930.0,80.95609756,65116219.0,0.2,25.0491664,5.3
2059,United Kingdom,2016,-56257380168.0,28.90233952,83.96099707,1.223762287,1.921063414,43050.0,12.24540329,16.03900293,30.79805889,241930.0,81.15609756,65611593.0,0.2,25.4399755,4.81
2060,United States,2007,262261000000.0,11.46379016,82.52686709,3.619467923,2.010507552,48300.0,16.70581245,17.47313291,16.54822752,9161920.0,77.98780488,301231207.0,1.0,11.28991352,4.62
2061,United States,2008,-140446000000.0,12.42584736,83.97862102,2.32624445,0.122188443,48400.0,16.22013283,16.02137898,17.44194843,9147420.0,78.03902439,304093966.0,1.0,10.27619094,5.78
2062,United States,2009,-370351000000.0,10.93222062,85.12634842,2.159107598,-2.599888351,47030.0,15.60106182,14.87365158,13.82731055,9147420.0,78.3902439,306771529.0,1.0,7.90351822,9.25
2063,United States,2010,-88989117013.0,12.34136081,84.86500216,2.324598488,2.708856694,49050.0,15.56168556,15.13499784,15.87853443,9147420.0,78.54146341,309327143.0,1.0,8.563225761,9.63
2064,United States,2011,62132456466.0,13.56346715,84.68203994,2.798869292,1.54989495,50870.0,15.50748062,15.31796006,17.27901909,9147420.0,78.64146341,311583481.0,1.0,9.538930988,8.95
2065,United States,2012,446664000000.0,13.6440494,83.44300586,2.320909589,2.280687603,53130.0,15.59922123,16.55699414,17.03778597,9147420.0,78.74146341,313877662.0,1.0,9.76391603,8.07
2066,United States,2013,522826000000.0,13.5836612,82.63860456,2.332075912,1.841875395,54380.0,16.02462769,17.36139544,16.42429277,9147420.0,78.74146341,316059947.0,1.0,10.48350933,7.37
2067,United States,2014,727752000000.0,13.55243772,82.25736471,2.208056874,2.287775933,56670.0,16.00461388,17.74263529,16.45204044,9147420.0,78.84146341,318386329.0,1.2,10.93543202,6.17
2068,United States,2015,774185000000.0,12.47181925,81.84889061,1.659181895,2.706369582,58180.0,16.05246353,18.15110939,15.35174567,9147420.0,78.6902439,320738994.0,1.2,11.23749406,5.28
2069,United States,2016,563833000000.0,11.95798206,82.26869116,1.603708063,1.667472076,58870.0,15.97381687,17.73130884,14.64998,9147420.0,78.53902439,323071755.0,1.0,10.91826691,4.87
2074,Uruguay,2011,6570934190.0,26.42214942,79.52042415,0.355953468,5.162133025,18320.0,15.16254997,20.47957585,26.82488459,175020.0,76.983,3361637.0,0.1,18.19877349,6.31
2076,Uruguay,2013,5180079558.0,23.35313642,80.52716162,-3.355546021,4.637538629,19420.0,14.37047005,19.47283838,26.36471005,175020.0,77.24,3381180.0,0.2,17.85973973,6.44
2077,Uruguay,2014,4243584051.0,23.54266161,80.79948854,2.988732334,3.23879123,20330.0,14.44427013,19.20051146,25.54496245,175020.0,77.366,3391662.0,0.2,17.27528938,6.55
2078,Uruguay,2015,4913519477.0,22.47785125,80.6671479,3.291141426,0.370741258,21020.0,14.72430038,19.3328521,22.85038956,175020.0,77.483,3402818.0,0.1,17.09561586,7.49
2079,Uruguay,2016,6926054560.0,26.9316811,76.91213062,2.275120313,1.689798159,21570.0,14.71014023,23.08786938,21.53885286,175020.0,77.571,3413766.0,0.1,21.73224788,7.84
2133,West Bank and Gaza,2010,-479295669.4,14.12281155,119.0466353,0.599925438,5.777362056,4360.0,17.80521011,-19.04663534,54.37483861,6020.0,73.004,3786161.0,0.0,5.017446342,21.42
2134,West Bank and Gaza,2011,-1374027122.0,16.08603535,117.0622469,-2.132518339,9.600808489,4780.0,16.00078011,-17.0622469,51.16349756,6020.0,73.243,3882986.0,0.2,4.913580294,17.6
2139,West Bank and Gaza,2016,74935117.98,14.3267945,111.3849689,-0.292005209,8.86461882,7080.0,16.61327934,-11.38496891,51.09571968,6020.0,74.554,4367088.0,0.5,5.313889878,23.94
2158,Zambia,2015,3774823540.0,37.1385258,65.42717075,-0.666217621,2.920375112,3290.0,16.72611046,34.57282925,42.72689101,743390.0,61.208,16248230.0,60.8,14.39396393,8.34
2164,Zimbabwe,2011,-1309388690.0,34.80080156,102.4671576,0.302795641,14.62020726,1850.0,24.09768677,-2.467157611,54.66572521,386850.0,53.347,13025785.0,21.6,17.9282542,5.37
